world,conflict_shift,theta_true,method,n_replicates,bias,bias_mcse,empirical_se,rmse,rmse_mcse,coverage95,coverage95_mcse,interval_width,interval_width_mcse,reject_rate,reject_rate_mcse,calibration_rate,calibration_rate_mcse,type1,type1_mcse,power,power_mcse,oracle_spearman,oracle_spearman_mcse,oracle_kl,oracle_kl_mcse,ess_d000_005,ess_d005_010,ess_d010_020,ess_d020_plus,prior_ess,prior_ess_mcse,hist_mass,hist_mass_mcse,mean_nll,mean_nll_mcse,roc_auc,roc_auc_mcse,pr_auc,pr_auc_mcse,sensitivity,specificity,fpr,ppv,npv,f1,sensitivity_mcse,specificity_mcse,fpr_mcse,ppv_mcse,roc_auc_obs,oracle_spearman_obs
null,0.0,0.2,weak_only,2000,0.019444125065384996,0.001508062798467568,0.06744261863424096,0.07017340346882056,0.001227162390789156,0.9525,0.00475624589355933,0.26735140012515646,0.0009853602711272595,0.037,0.0042208411483968455,0.037,0.0042208411483968455,0.037,0.0042208411483968455,0.8675,0.007581020709640621,nan,nan,nan,nan,nan,nan,nan,nan,0.0,0.0,0.0,0.0,3.493020416493162,0.0052305820537862395,0.5,0.0,0.43992788537930017,0.004820363620468693,0.0,1.0,0.0,nan,0.707875,nan,0.0,0.0,0.0,nan,0.5,nan
null,0.0,0.2,eb_only,2000,0.015480938384985894,0.0014504564200671268,0.06486638307342171,0.0666723577090319,0.0011535135659512443,0.9595,0.004407933189148855,0.26110046032540674,0.0009348335103101335,0.03,0.00381444622455213,0.03,0.00381444622455213,0.03,0.00381444622455213,0.8745,0.007407757757918383,nan,nan,nan,nan,nan,nan,nan,nan,0.0,0.0,0.0,0.0,3.053600491840649,0.00519258056011566,0.5,0.0,0.43992788537930017,0.004820363620468693,0.0,1.0,0.0,nan,0.707875,nan,0.0,0.0,0.0,nan,0.5,nan
null,0.0,0.2,rule,2000,0.011345391636054443,0.0013751562713651742,0.061498858049153546,0.06252148748993995,0.0011335871029769958,0.9565,0.004561126505590477,0.249665951689612,0.0009246392346738667,0.029,0.003752265982043384,0.029,0.003752265982043384,0.029,0.003752265982043384,0.891,0.006968464680257768,0.1115721668437195,0.0074457406292799564,4.8057536316337215,0.11011882720220162,nan,nan,nan,nan,13.134423886531946,0.06876155702165485,0.8000000000000003,5.497539218637292e-18,2.982585267310114,0.008934062038405934,0.5532695559118989,0.005038697735837127,0.4812257617160072,0.00511363632067109,0.7090286692340607,0.34857849196538937,0.6514215080346106,0.30995136550692104,0.7437829691032404,0.4313419237277105,0.005424591193976848,0.003655926298270881,0.003655926298270881,0.0036518381629369314,0.5814159432977404,0.14974102607666215
null,0.0,0.2,rule_sam,2000,0.011257742233520716,0.001388345638408045,0.06208870447491463,0.06308578667146818,0.0011501674136656698,0.9555,0.004610843198374891,0.2496596951188986,0.0009296542564745444,0.03,0.00381444622455213,0.03,0.00381444622455213,0.03,0.00381444622455213,0.889,0.007024208140424086,0.1115721668437195,0.0074457406292799564,4.8057536316337215,0.11011882720220162,nan,nan,nan,nan,12.872555054850064,0.07225404793287629,0.7843286734222688,0.0016230158086179285,2.972339458820039,0.00838384764664637,0.5532695559118989,0.005038697735837127,0.4812257617160072,0.00511363632067109,0.7090286692340607,0.34857849196538937,0.6514215080346106,0.30995136550692104,0.7437829691032404,0.4313419237277105,0.005424591193976848,0.003655926298270881,0.003655926298270881,0.0036518381629369314,0.5814159432977404,0.14974102607666215
null,0.0,0.2,two_head,2000,0.00918430456819771,0.0013442550143286651,0.060116911822676984,0.06079956838624259,0.0011415472875973274,0.955,0.004635461142108735,0.24045127434292865,0.0010179775272765785,0.026,0.003558370413546066,0.026,0.003558370413546066,0.026,0.003558370413546066,0.8905,0.006982469119158352,0.13759820027934436,0.007368576759776917,4.866483881296632,0.11001412409252023,43.57334465500657,43.47786383846591,43.54411741293906,43.61785304344228,36.012844030222,0.21688269568972876,0.8000000000000003,5.456447119169965e-18,2.942224084423462,0.011330642358622077,0.5891727838406503,0.005177294541964016,0.5258112369914913,0.005541488979736061,0.6449864498644986,0.47983989640355523,0.5201601035964447,0.33849839059809866,0.7660934122732825,0.4439862542955326,0.005714888698759433,0.0038329467738793493,0.0038329467738793498,0.0040940843083492095,0.6160956669728032,0.1763518340135244
null,0.0,0.2,two_head_pro,2000,0.009374700972874706,0.0013354398821309934,0.059722687126184164,0.06043923374947862,0.0011366333150224534,0.9545,0.004659922209651143,0.23982499161451815,0.0009997213701920529,0.025,0.0034910600109422352,0.025,0.0034910600109422352,0.025,0.0034910600109422352,0.8915,0.00695441406590088,0.14642209935768444,0.0073988298141789925,4.8623008435959605,0.1098903891543152,33.79222610958194,30.271297101751593,26.085617857767247,20.445263966618793,32.239833586371844,0.2131094637304852,0.8000000000000003,5.495015031428354e-18,2.9267768071907367,0.011626141163123776,0.5956380047986723,0.005182889663687477,0.5325828542290927,0.0056640795769981895,0.648837541006989,0.4915533580552122,0.5084466419447877,0.34496094638659286,0.7723111070008324,0.4504406376868997,0.005700750605401238,0.003835518812134171,0.0038355188121341715,0.004139477811177057,0.623691646309461,0.18715414193949262
null,0.0,0.2,two_head_pro_sam,2000,0.009743258372011227,0.0013631091051815817,0.060960092398698554,0.06171876442808137,0.0011611651138060688,0.9505,0.004850244839180801,0.2395434459324155,0.0009932974311321274,0.0285,0.0037207358143249033,0.0285,0.0037207358143249033,0.0285,0.0037207358143249033,0.8885,0.00703803061942757,0.14642209935768444,0.0073988298141789925,4.8623008435959605,0.1098903891543152,nan,nan,nan,nan,30.78847370285777,0.22855782872696107,0.7657566372919774,0.0026242644668897108,2.8972867967434905,0.010143221123311695,0.5956380047986723,0.005182889663687477,0.5325828542290927,0.0056640795769981895,0.648837541006989,0.4915533580552122,0.5084466419447877,0.34496094638659286,0.7723111070008324,0.4504406376868997,0.005700750605401238,0.003835518812134171,0.0038355188121341715,0.004139477811177057,0.623691646309461,0.18715414193949262
null,0.0,0.2,two_head_pro_fixdisc,2000,0.011535265482326086,0.0013509932320528335,0.060418254080245676,0.061494736304335954,0.001122051199557189,0.9595,0.004407933189148855,0.24705320775969963,0.0009100033807682665,0.027,0.0036242930345103167,0.027,0.0036242930345103167,0.027,0.0036242930345103167,0.895,0.006854742883580681,0.1532526449790812,0.007451671086771146,4.83138261826132,0.11025410516830833,15.254198120474507,15.222868638538504,15.247795402607876,15.275849780701773,13.085278549513948,0.08258730863445843,0.8000000000000003,5.491086211640034e-18,2.9307506640837677,0.009445803429893316,0.5952956114687136,0.005177782022297346,0.5304884594811359,0.005609277595302017,0.650549137070318,0.4888457237035729,0.5111542762964272,0.3443563608909022,0.7721989772198977,0.4503357030015798,0.00569433649938418,0.0038351115560692124,0.003835111556069212,0.004128687377886206,0.6228433162728864,0.1919604740839048
null,0.0,0.2,selective_pro,2000,0.006995436572248556,0.001317026915933365,0.0588992342444781,0.05929857812397327,0.001127179471528679,0.953,0.004732388403332932,0.23143430463078846,0.0009863718010269063,0.024,0.00342227994179319,0.024,0.00342227994179319,0.024,0.00342227994179319,0.898,0.006767421961131136,0.14217231748545364,0.007365194846313041,4.811411652339166,0.11005893612815912,43.58340793505668,43.49389033112561,43.565100409419344,43.64524166283508,43.56817996810932,0.2428129290521417,0.999999999971504,1.2718301693495064e-12,2.8608120913413555,0.013631025566396284,0.5947983772214793,0.005187788507323946,0.530838105743117,0.005624767246552319,0.6795036371416345,0.438283595267526,0.561716404732474,0.3329838540574544,0.7681832250077375,0.44694624261187726,0.0055733646918567905,0.003806731565840698,0.003806731565840698,0.003940083925529754,0.6224309489683648,0.18257052209679134
null,0.0,0.2,selective_base,2000,0.008463562669927932,0.0013211685184181124,0.05908445233831165,0.05967293285009511,0.0011212273508800063,0.9555,0.004610843198374891,0.23635071789737172,0.0009559596666173031,0.026,0.003558370413546066,0.026,0.003558370413546066,0.026,0.003558370413546066,0.898,0.006767421961131136,0.13837520850819035,0.007375688551661319,4.814880214735979,0.11017364215947886,28.98214758465825,28.5161078693434,28.069802789540336,27.603094898803516,31.182534141385382,0.22647997037218556,0.9999999933378506,4.193374917563397e-10,2.859657956187279,0.012261065058018225,0.5906902223116228,0.0051847967734732926,0.5274579491685263,0.005551825164645051,0.6712309228355442,0.43946082759432575,0.5605391724056743,0.3307330100498981,0.7640978405485621,0.4431261770244822,0.005610369638225214,0.003807844110199516,0.003807844110199516,0.003944130576815876,0.6177259761930917,0.17710279329805453
null,0.0,0.2,selective_pro_fixdisc,2000,0.01072321785471817,0.001329353630540789,0.0594505016805069,0.06039521810664043,0.0011076659466592413,0.9605,0.004355441998236229,0.243128460951189,0.0008813518569821301,0.025,0.0034910600109422352,0.025,0.0034910600109422352,0.025,0.0034910600109422352,0.8995,0.006723085229267885,0.1503183195910175,0.007434726441440257,4.799809116813921,0.11032752334446401,15.254198120474507,15.222868638538504,15.247795402607876,15.275849780701773,16.114299653149484,0.09624117311055788,0.9999999999926503,7.270531207265546e-13,2.8509623673632163,0.010552273744098279,0.594695040815787,0.00518244787155735,0.5304370864322248,0.005593759562910443,0.6676650977036086,0.45470598622638175,0.5452940137736182,0.3356758694872714,0.7682744903033317,0.4467455621301775,0.005625709863600401,0.0038202940557414663,0.0038202940557414667,0.003998902503894902,0.6216622106866799,0.18820179833526737
null,0.0,0.2,selective_pro_sam,2000,0.008120563855752905,0.0013634718550625926,0.06097631506655396,0.06149955691654589,0.0011353679294116518,0.949,0.004919298730510276,0.23486603366708386,0.0009910589965468318,0.0285,0.0037207358143249033,0.0285,0.0037207358143249033,0.0285,0.0037207358143249033,0.889,0.007024208140424086,0.14217231748545364,0.007365194846313041,4.811411652339166,0.11005893612815912,43.58340793505668,43.49389033112561,43.565100409419344,43.64524166283508,39.68196656997267,0.29517425903602085,0.9117474417011094,0.004335208183911137,2.771591245911458,0.009473828307236452,0.5947983772214793,0.005187788507323946,0.530838105743117,0.005624767246552319,0.6795036371416345,0.438283595267526,0.561716404732474,0.3329838540574544,0.7681832250077375,0.44694624261187726,0.0055733646918567905,0.003806731565840698,0.003806731565840698,0.003940083925529754,0.6224309489683648,0.18257052209679134
null,0.0,0.2,robust_map_w0.5,2000,0.021157063469676027,0.0014115191236475338,0.06312505424033633,0.06656126066466049,0.0011913114246142312,0.9555,0.004610843198374891,0.25844892565707134,0.0009018901361933416,0.0375,0.004248161366991607,0.0375,0.004248161366991607,0.0375,0.004248161366991607,0.906,0.0065254884874620675,nan,nan,1.4137871748427369,0.012299498987483313,nan,nan,nan,nan,3.302605644132069,0.04895243477670833,0.5,0.0,3.1652030265968305,0.007895936643572275,0.5,0.0,0.43992788537930017,0.004820363620468693,1.0,0.0,1.0,0.292125,nan,0.4521621360162523,0.0,0.0,0.0,0.002935330648432132,0.5,nan
null,0.0,0.2,robust_map_w0.9,2000,0.023535019712181245,0.0013577819765095175,0.06072185596198608,0.06510911896520494,0.0011753437803785848,0.9535,0.004708383480558906,0.25180131927409266,0.0008576417096182316,0.0415,0.004459694496263169,0.0415,0.004459694496263169,0.0415,0.004459694496263169,0.9285,0.005761412587204635,nan,nan,1.4137871748427369,0.012299498987483313,nan,nan,nan,nan,5.944690159437723,0.088114382598075,0.9000000000000002,4.9663100392403566e-18,2.9981188774528778,0.011276663404113539,0.5,0.0,0.43992788537930017,0.004820363620468693,1.0,0.0,1.0,0.292125,nan,0.4521621360162523,0.0,0.0,0.0,0.002935330648432132,0.5,nan
null,0.0,0.2,power_prior,2000,0.06628591822231023,0.002309755496037925,0.10329540601089093,0.12271279023426256,0.002060476849400476,0.404,0.010972328832112169,0.1210333604505632,0.00040525123714768585,0.4845,0.011174966442902638,0.4845,0.011174966442902638,0.4845,0.011174966442902638,0.9845,0.0027622228367747558,nan,nan,1.4137871748427369,0.012299498987483313,nan,nan,nan,nan,156.86895,0.6195091938537995,1.0,0.0,3.6327722922017203,0.05616853941387556,0.5,0.0,0.43992788537930017,0.004820363620468693,1.0,0.0,1.0,0.292125,nan,0.4521621360162523,0.0,0.0,0.0,0.002935330648432132,0.5,nan
null,0.0,0.2,uip_dirichlet,2000,0.02741847185184436,0.0014397941915883078,0.06438955372001624,0.06996938058636155,0.0012025541046169774,0.916,0.006202580108309766,0.2278749415519399,0.0010721399678882261,0.0635,0.005452877680637995,0.0635,0.005452877680637995,0.0635,0.005452877680637995,0.9345,0.005532167296819575,0.09249666370730282,0.006333690544676718,1.3798907793101103,0.01301113610514236,nan,nan,nan,nan,30.579936487204076,0.38459088553233167,1.0,0.0,3.1064568821711975,0.024145346517896266,0.5008541803600705,0.003998608785759286,0.4432702788891395,0.004798007097214285,0.9596348595064899,0.037906880922950144,0.9620931190770499,0.2915962380271313,0.6947141316073355,0.44728094668262197,0.0023505324896291816,0.0014651553377481952,0.001465155337748195,0.0029921223953130005,0.5019528368877799,0.0789469948684833
null,0.0,0.2,uip_js,2000,0.0057667827809030885,0.0015027675915927903,0.06720580978370241,0.06743603148088542,0.0011504712258689077,0.903,0.006617816860566631,0.2166418944931164,0.0008630457557876057,0.05,0.004873397172404482,0.05,0.004873397172404482,0.05,0.004873397172404482,0.8835,0.007173832657652395,0.3802547907749131,0.006126221440716252,2.4729590064300577,0.05040366485267038,nan,nan,nan,nan,15.605879063841483,0.12230237976994338,1.0,0.0,2.4325060834686503,0.0062519858306468385,0.7557505110630109,0.004162426979813907,0.6301654249065431,0.005491649513969849,0.4624162031093995,0.7793278003413974,0.22067219965860263,0.4637390931197254,0.7784114292433417,0.46307670332809603,0.005954559281672414,0.0031816323093482473,0.0031816323093482473,0.0059642422138571575,0.7849672847747032,0.41639856069555814
null,0.0,0.2,pooling,2000,0.07327446457973472,0.002629118366388849,0.11757774776277331,0.13851628664178323,0.0023566306289342525,0.219,0.009247675383576135,0.07114471689612016,0.000267085701261067,0.584,0.011021433663548495,0.584,0.011021433663548495,0.584,0.011021433663548495,0.985,0.002717995584985378,nan,nan,1.4137871748427369,0.012299498987483313,nan,nan,nan,nan,522.8965,2.065030646179332,1.0,0.0,3.8271080706140848,0.06457564691149638,0.5,0.0,0.43992788537930017,0.004820363620468693,1.0,0.0,1.0,0.292125,nan,0.4521621360162523,0.0,0.0,0.0,0.002935330648432132,0.5,nan
null,0.25,0.2,weak_only,2000,0.01657813064912505,0.0015114618928933035,0.06759463075819866,0.06958149183585392,0.0011552705409537342,0.9575,0.004510751046111944,0.26801709924906136,0.0010237089128519207,0.0275,0.0036567574434189644,0.0275,0.0036567574434189644,0.0275,0.0036567574434189644,0.841,0.008176765864325577,nan,nan,nan,nan,nan,nan,nan,nan,0.0,0.0,0.0,0.0,3.4750488716734664,0.005262445924996632,0.5,0.0,0.41238838020868424,0.005114767168413644,0.0,1.0,0.0,nan,0.7524166666666666,nan,0.0,0.0,0.0,nan,0.5,nan
null,0.25,0.2,eb_only,2000,0.012644080313422817,0.0014514941886083297,0.06491279349348253,0.06611684120343493,0.0010812623866256294,0.964,0.0041655731898503495,0.26165291551939923,0.000970700755782104,0.021,0.0032061659345704488,0.021,0.0032061659345704488,0.021,0.0032061659345704488,0.8505,0.007973385416496557,nan,nan,nan,nan,nan,nan,nan,nan,0.0,0.0,0.0,0.0,3.034327273060671,0.005181993361799301,0.5,0.0,0.41238838020868424,0.005114767168413644,0.0,1.0,0.0,nan,0.7524166666666666,nan,0.0,0.0,0.0,nan,0.5,nan
null,0.25,0.2,rule,2000,0.013846908420270934,0.0013791659313585312,0.061678175495389696,0.0631983552521206,0.0010260435482584301,0.9645,0.0041376170678302255,0.25283490475594494,0.0009318010285867628,0.0185,0.003013117156700018,0.0185,0.003013117156700018,0.0185,0.003013117156700018,0.8745,0.007407757757918383,0.08175248138003566,0.007595331119287878,4.969660263185052,0.11851753130669714,nan,nan,nan,nan,13.102973261395753,0.06609899889871071,0.8000000000000003,5.54389036193238e-18,3.031904967461397,0.009502832519986364,0.5366994717089723,0.0053485447967643865,0.44433082538840707,0.0054749991665228575,0.6989229215752272,0.34571934876509025,0.6542806512349097,0.2600826653306613,0.7772659362549801,0.37909630305796443,0.005950961829547478,0.0035392322072790475,0.0035392322072790475,0.003471538952427147,0.5630599084988682,0.11722074819166503
null,0.25,0.2,rule_sam,2000,0.01330553741763249,0.0014020394539348735,0.06270111052270125,0.06408198555071172,0.0010601853040649058,0.961,0.004328914413568374,0.2525227018773467,0.0009389891124253889,0.019,0.003052785613173647,0.019,0.003052785613173647,0.019,0.003052785613173647,0.8705,0.007507654427316162,0.08175248138003566,0.007595331119287878,4.969660263185052,0.11851753130669714,nan,nan,nan,nan,12.653268565624977,0.0723283427571622,0.7738123450928996,0.002191287071544143,3.011967041173617,0.008560201390120264,0.5366994717089723,0.0053485447967643865,0.44433082538840707,0.0054749991665228575,0.6989229215752272,0.34571934876509025,0.6542806512349097,0.2600826653306613,0.7772659362549801,0.37909630305796443,0.005950961829547478,0.0035392322072790475,0.0035392322072790475,0.003471538952427147,0.5630599084988682,0.11722074819166503
null,0.25,0.2,two_head,2000,0.014000412022796286,0.0013651405635749323,0.06105094197991844,0.06262080680321125,0.0010392146457512735,0.9585,0.004459694496263168,0.24363023792240301,0.0009749894644058376,0.0225,0.0033161536454151216,0.0225,0.0033161536454151216,0.0225,0.0033161536454151216,0.8775,0.007331226022978695,0.10385394875057821,0.007535815234788262,5.052998793521633,0.11826460811208551,43.540176019433204,43.802962705847435,43.21482687632918,43.8918297699222,36.11316304173681,0.20834631295465356,0.8000000000000003,5.561657507288057e-18,2.990561248556386,0.011691226866861894,0.5666092214477123,0.005537622745595665,0.4752565609074289,0.0058070740901925155,0.6334567485695052,0.46145752575036,0.5385424742496401,0.27904218251908963,0.7927885072780896,0.3874221604652359,0.006251075925717949,0.0037097190727271435,0.003709719072727143,0.003861890719950469,0.59077802334015,0.13817527063418378
null,0.25,0.2,two_head_pro,2000,0.01455691969035331,0.0013640442332832113,0.061001912598756834,0.0626998934202237,0.0010423275785418507,0.96,0.004381780460041331,0.24362773529411766,0.0009675603588964237,0.022,0.003279939023823461,0.022,0.003279939023823461,0.022,0.003279939023823461,0.8795,0.007279414468211026,0.1101924104368159,0.007540328202769742,5.054172896038795,0.11809636959416325,32.89866828362489,30.43226405414631,27.44820952093138,22.217443635061805,32.32049536096059,0.20579538094900104,0.8000000000000003,5.475624271738156e-18,2.9833285647958143,0.01208319385643438,0.5713879657962178,0.005523917658016321,0.47936006313793456,0.0058939419016365725,0.6366543251430494,0.47103776719459517,0.5289622328054049,0.283689538807649,0.7975621190811064,0.3924884577475748,0.006239438675727856,0.003714542853669466,0.003714542853669466,0.0039036942727094528,0.5961632120394342,0.14573512567392663
null,0.25,0.2,two_head_pro_sam,2000,0.01399542254064853,0.0013999454517307527,0.06260746389723228,0.06413740359935623,0.0010851649718331715,0.9545,0.004659922209651143,0.24291949148936168,0.0009644626139133696,0.0235,0.0033873108803297047,0.0235,0.0033873108803297047,0.0235,0.0033873108803297047,0.876,0.007369667563737186,0.1101924104368159,0.007540328202769742,5.054172896038795,0.11809636959416325,nan,nan,nan,nan,30.34168294831431,0.22565418017314992,0.7529109425632047,0.0030687305824414627,2.9414756385269896,0.010233105890890612,0.5713879657962178,0.005523917658016321,0.47936006313793456,0.0058939419016365725,0.6366543251430494,0.47103776719459517,0.5289622328054049,0.283689538807649,0.7975621190811064,0.3924884577475748,0.006239438675727856,0.003714542853669466,0.003714542853669466,0.0039036942727094528,0.5961632120394342,0.14573512567392663
null,0.25,0.2,two_head_pro_fixdisc,2000,0.014871008320156325,0.0013645201319224226,0.061023195432910356,0.06279423026131388,0.0010220515026261976,0.967,0.003994433626936366,0.250665751689612,0.0009099433591389851,0.0175,0.002932042803234632,0.0175,0.002932042803234632,0.0175,0.002932042803234632,0.8805,0.0072532665055132246,0.11602042330281072,0.007632081554872723,5.026352971157293,0.11844524591044112,15.243733019380558,15.336855670103096,15.132194826192398,15.371660348749069,13.110491066026063,0.07972441749989473,0.8000000000000003,5.630523207021414e-18,2.9924705262259486,0.010243445647225244,0.5715918720058244,0.005541699217545144,0.4786510052356085,0.005914348476055769,0.6368226186469202,0.46987484771292504,0.5301251522870749,0.28329714756307556,0.7972376209715306,0.39214467070832687,0.006238817947479358,0.003714030618556977,0.003714030618556977,0.003898847104005658,0.5953713133965035,0.14932827595065915
null,0.25,0.2,selective_pro,2000,0.014222941795607777,0.0013310560662494033,0.05952663691994259,0.061187750947950516,0.001014950597648006,0.9535,0.004708383480558906,0.23510253204005005,0.000948084659465461,0.0255,0.003524893615415932,0.0255,0.003524893615415932,0.0255,0.003524893615415932,0.8995,0.006723085229267885,0.10524706139484641,0.0075321822097586,4.990441029253639,0.11834782985976426,43.5535076225331,43.819566294620905,43.234817772016605,43.918990846981664,43.67173836090341,0.23527104382326341,0.9999999999695003,1.2727476275347914e-12,2.9281757349913344,0.015034038147942849,0.5691031759741043,0.005530636397510599,0.47594787888605106,0.0058619014241385855,0.6713227869404241,0.42081072101007866,0.5791892789899213,0.27609357696567,0.7955402010050251,0.3912702305051496,0.006093743483196903,0.003673828092418671,0.003673828092418671,0.0037193367405105224,0.5944312281985422,0.14139055405660236
null,0.25,0.2,selective_base,2000,0.014455601984541466,0.0013292217919193697,0.05944460567811583,0.061162559972503173,0.0010155888198742032,0.9615,0.004302194207610808,0.239596001126408,0.0009183188033094012,0.0215,0.003243281517229116,0.0215,0.003243281517229116,0.0215,0.003243281517229116,0.897,0.006796727153564427,0.10264432497432002,0.007524880197712454,4.992804921451614,0.11844649831602506,29.089517907145527,28.81811591557505,27.98962772283205,27.97692949100353,31.312894205807265,0.21529604380180142,0.999999992797302,3.7732524416069524e-10,2.928386564428195,0.013648636078543969,0.5665876350169916,0.005526220210605438,0.4751474656318802,0.005835098310043423,0.6650959272972063,0.4233026913279433,0.5766973086720567,0.2750939718780454,0.7934399003529168,0.389206224148119,0.006122602083725825,0.0036767546710352117,0.0036767546710352117,0.0037257478669288292,0.5903450371776009,0.1365308918997305
null,0.25,0.2,selective_pro_fixdisc,2000,0.015262757840272001,0.00133312996019485,0.05961938427674547,0.06152759968451769,0.000997426243038328,0.9665,0.004023540107914917,0.2467203581977472,0.0008805489850504003,0.02,0.0031304951684997056,0.02,0.0031304951684997056,0.02,0.0031304951684997056,0.897,0.006796727153564427,0.11291526307783864,0.007614871800440486,4.9856861329142514,0.11856616553688472,15.243733019380558,15.336855670103096,15.132194826192398,15.371660348749069,16.135013325842145,0.092950201345371,0.9999999999922956,5.483996963678241e-13,2.9279459621271124,0.012004012523956465,0.5701196877126574,0.005541048939388949,0.47756626465691726,0.0058960021476959276,0.6590373611578593,0.4384206445896556,0.5615793554103444,0.2785800668705983,0.7962385597908076,0.391619580979049,0.00614953235554097,0.0036924637533030107,0.0036924637533030107,0.00378114006863114,0.5936881203397363,0.14588721359534948
null,0.25,0.2,selective_pro_sam,2000,0.011781586560886017,0.001399593275538499,0.06259171409911354,0.06367550230991419,0.0010544195642737029,0.95,0.004873397172404485,0.23828337259073842,0.0009518677898978091,0.0245,0.003456859123539749,0.0245,0.003456859123539749,0.0245,0.003456859123539749,0.8705,0.007507654427316162,0.10524706139484641,0.0075321822097586,4.990441029253639,0.11834782985976426,43.5535076225331,43.819566294620905,43.234817772016605,43.918990846981664,38.71347805407638,0.2948373447731743,0.8887115529465572,0.004848108878095889,2.8041382854843,0.009258465098138132,0.5691031759741043,0.005530636397510599,0.47594787888605106,0.0058619014241385855,0.6713227869404241,0.42081072101007866,0.5791892789899213,0.27609357696567,0.7955402010050251,0.3912702305051496,0.006093743483196903,0.003673828092418671,0.003673828092418671,0.0037193367405105224,0.5944312281985422,0.14139055405660236
null,0.25,0.2,robust_map_w0.5,2000,0.02124316120493331,0.0014274177285697415,0.06383606146740571,0.06726274689809619,0.0011175919873878145,0.9635,0.004193313129257102,0.26156532352941175,0.0009313078879473008,0.0265,0.0035915003828483716,0.0265,0.0035915003828483716,0.0265,0.0035915003828483716,0.877,0.007344079247938437,nan,nan,1.5519245434176197,0.01303087522979824,nan,nan,nan,nan,3.2780616074004136,0.04290661517023341,0.5,0.0,3.2187509090409896,0.00839507813849275,0.5,0.0,0.41238838020868424,0.005114767168413644,1.0,0.0,1.0,0.24758333333333332,nan,0.39690067463763273,0.0,0.0,0.0,0.0027860203575836217,0.5,nan
null,0.25,0.2,robust_map_w0.9,2000,0.02620090975970451,0.001366039137649962,0.06109112743421015,0.0664586146447057,0.0011084723705584241,0.9645,0.0041376170678302255,0.255664751689612,0.0008765695549290173,0.0295,0.003783500363420096,0.0295,0.003783500363420096,0.0295,0.003783500363420096,0.9155,0.006219314672855845,nan,nan,1.5519245434176197,0.01303087522979824,nan,nan,nan,nan,5.900510893320745,0.07723190730642014,0.9000000000000002,4.9663100392403566e-18,3.1040985767732523,0.012856483533409797,0.5,0.0,0.41238838020868424,0.005114767168413644,1.0,0.0,1.0,0.24758333333333332,nan,0.39690067463763273,0.0,0.0,0.0,0.0027860203575836217,0.5,nan
null,0.25,0.2,power_prior,2000,0.09793949332186579,0.0024862335460682475,0.11118774433897913,0.14815086056479182,0.002229683372071896,0.322,0.010447870596442128,0.12531222916145182,0.00039385267995672323,0.597,0.010967930524944073,0.597,0.010967930524944073,0.597,0.010967930524944073,0.9925,0.0019292161620720412,nan,nan,1.5519245434176197,0.01303087522979824,nan,nan,nan,nan,156.97754999999998,0.6028257002743044,1.0,0.0,4.209813612123364,0.06683114939537776,0.5,0.0,0.41238838020868424,0.005114767168413644,1.0,0.0,1.0,0.24758333333333332,nan,0.39690067463763273,0.0,0.0,0.0,0.0027860203575836217,0.5,nan
null,0.25,0.2,uip_dirichlet,2000,0.036163314969995156,0.0015099202093684402,0.06752568457497095,0.07658474761921517,0.0012838307839496345,0.9075,0.006478570444164362,0.2415286558197747,0.00113518630168798,0.0775,0.005978869040211535,0.0775,0.005978869040211535,0.0775,0.005978869040211535,0.923,0.005961165993327143,0.07586328027304025,0.006584557191501495,1.5236451193458884,0.013926638368371321,nan,nan,nan,nan,28.251950835944044,0.3532851835189897,1.0,0.0,3.3376685214505013,0.027129257075743096,0.5022165852530267,0.004225267946931223,0.41224382713407004,0.00503941144738532,0.9597778525748906,0.03654889799534832,0.9634511020046517,0.24687242976494525,0.7341490545050056,0.3927280239644665,0.002548893354870679,0.00139642352950505,0.00139642352950505,0.002836972845339483,0.5002793055617607,0.06186470134202127
null,0.25,0.2,uip_js,2000,0.0059225686599729726,0.001472005913380324,0.06583010571200144,0.06607959470348129,0.0010672312870228455,0.915,0.006235984284778145,0.22013994317897373,0.0008916416348898156,0.037,0.0042208411483968455,0.037,0.0042208411483968455,0.037,0.0042208411483968455,0.8675,0.007581020709640621,0.36479935546621206,0.006320278281833068,2.5117980661723625,0.05059012189621619,nan,nan,nan,nan,15.158210880232469,0.10895393412884069,1.0,0.0,2.452638179130404,0.007807681234070097,0.7548577686539142,0.004474350119988959,0.6096236185613836,0.005996906811808667,0.46987546280713566,0.7656440358843726,0.23435596411562742,0.39749430523917995,0.8144439208294062,0.4306648156717569,0.0064746159481486485,0.0031522208170190265,0.0031522208170190265,0.005839205801625422,0.7902268584489522,0.408921087000484
null,0.25,0.2,pooling,2000,0.10966039172298145,0.002824620162357121,0.12632085387294031,0.16725543685323024,0.0025039357188929873,0.1705,0.008409213696892237,0.07377435356695869,0.00025521178723687853,0.6915,0.010327820438020793,0.6915,0.010327820438020793,0.6915,0.010327820438020793,0.9925,0.0019292161620720412,nan,nan,1.5519245434176197,0.01303087522979824,nan,nan,nan,nan,523.2585,2.0094190009143484,1.0,0.0,4.462764089688308,0.07602864701575077,0.5,0.0,0.41238838020868424,0.005114767168413644,1.0,0.0,1.0,0.24758333333333332,nan,0.39690067463763273,0.0,0.0,0.0,0.0027860203575836217,0.5,nan
null,0.5,0.2,weak_only,2000,0.018048266182608522,0.0015006646041760881,0.06711176132731096,0.06948004336784783,0.0013134380213800563,0.9555,0.004610843198374891,0.2682367048811014,0.000991913679603533,0.029,0.003752265982043384,0.029,0.003752265982043384,0.029,0.003752265982043384,0.861,0.0077355995242773526,nan,nan,nan,nan,nan,nan,nan,nan,0.0,0.0,0.0,0.0,3.480465346085701,0.0052765912001095806,0.5,0.0,0.35869980529166207,0.005338148863520052,0.0,1.0,0.0,nan,0.8225416666666666,nan,0.0,0.0,0.0,nan,0.5,nan
null,0.5,0.2,eb_only,2000,0.014093101163915215,0.001442680216918908,0.06451862069649641,0.06602413642590439,0.0012302380031812162,0.962,0.004275277768753747,0.26189066520650817,0.000940480932841312,0.0225,0.0033161536454151216,0.0225,0.0033161536454151216,0.0225,0.0033161536454151216,0.8685,0.007556710593902613,nan,nan,nan,nan,nan,nan,nan,nan,0.0,0.0,0.0,0.0,3.0402376526385755,0.005254606453227284,0.5,0.0,0.35869980529166207,0.005338148863520052,0.0,1.0,0.0,nan,0.8225416666666666,nan,0.0,0.0,0.0,nan,0.5,nan
null,0.5,0.2,rule,2000,0.020137540967967993,0.0014165273079959273,0.0633490270532735,0.06645760479598004,0.001215458081543759,0.957,0.004536022486716751,0.25702805844806004,0.0008948876604813969,0.0305,0.0038451105315712316,0.0305,0.0038451105315712316,0.0305,0.0038451105315712316,0.8825,0.0072004774147274445,0.006463090151772957,0.007996007786527058,5.519930021040082,0.13963305552141822,nan,nan,nan,nan,13.139609939987931,0.06938439912852495,0.8000000000000003,5.50958326244024e-18,3.141258629170164,0.010495190227003272,0.4914507374976976,0.006091531016798814,0.361161690467066,0.005538741139179772,0.6586053064099554,0.33372169596271717,0.6662783040372828,0.1757739065045745,0.8191992041780651,0.27748924172725925,0.00726586251639881,0.003356104557345029,0.003356104557345029,0.0030130833926914754,0.5118406251343062,0.0326182830688823
null,0.5,0.2,rule_sam,2000,0.01872155042841257,0.001437557424543994,0.0642895224567979,0.06694454852202572,0.0012257894839454342,0.9545,0.004659922209651143,0.2564436947434293,0.0009049998869056059,0.0305,0.0038451105315712316,0.0305,0.0038451105315712316,0.0305,0.0038451105315712316,0.8775,0.007331226022978695,0.006463090151772957,0.007996007786527058,5.519930021040082,0.13963305552141822,nan,nan,nan,nan,12.354193245913935,0.08146798381083648,0.7529687650804346,0.002906764236470203,3.103881131765287,0.0088436013231692,0.4914507374976976,0.006091531016798814,0.361161690467066,0.005538741139179772,0.6586053064099554,0.33372169596271717,0.6662783040372828,0.1757739065045745,0.8191992041780651,0.27748924172725925,0.00726586251639881,0.003356104557345029,0.003356104557345029,0.0030130833926914754,0.5118406251343062,0.0326182830688823
null,0.5,0.2,two_head,2000,0.023053876365747968,0.0014155338715375336,0.0633045992242276,0.06735688355532639,0.001187705359774051,0.9485,0.004942051699446293,0.25091288623279095,0.000944112119353412,0.038,0.004275277768753745,0.038,0.004275277768753745,0.038,0.004275277768753745,0.888,0.007051808278732484,0.01286840967549771,0.007958466488310039,5.689976238889525,0.13867721753135337,43.786956186307926,43.02227229121011,43.771321542071675,43.68178985867142,36.195452683112684,0.2233582560688297,0.8000000000000003,5.419880475469798e-18,3.1146975156079635,0.012645712825622345,0.5052043140840025,0.0062130254530198175,0.3758009784974647,0.00588743365111549,0.5663301244423573,0.4465832531280077,0.5534167468719924,0.1808502661768014,0.8267842070711807,0.27415321664014547,0.007593825957469124,0.0035382848329337945,0.003538284832933794,0.003332822217949989,0.525781492395247,0.04027059624051115
null,0.5,0.2,two_head_pro,2000,0.02355557701791711,0.0014100458904197854,0.06305916924745719,0.06730034030681707,0.0011857529548756018,0.95,0.004873397172404485,0.25087346983729664,0.0009364784183850491,0.039,0.004328914413568372,0.039,0.004328914413568372,0.039,0.004328914413568372,0.8915,0.00695441406590088,0.019647625521523375,0.007999824182904217,5.680071291139187,0.13863676198273553,29.891763953169225,30.137002988542402,29.737979720710534,23.38939854732456,32.34706120812391,0.21912531446020836,0.8000000000000003,5.441453354089731e-18,3.1056432814574175,0.012941673143820349,0.5107439417727531,0.006245526989968769,0.3801970043416691,0.0059347288757570105,0.5764263911716365,0.4538777164277392,0.5461222835722608,0.18547899667573284,0.8324043106651803,0.28065161474707057,0.007571510949217203,0.003543478524929628,0.003543478524929628,0.003378470518640511,0.5314925028759944,0.047963189939386495
null,0.5,0.2,two_head_pro_sam,2000,0.02152125867921841,0.001444747274766618,0.0646110623337145,0.06808573019613602,0.0011966041609574982,0.946,0.005053909377897473,0.24933560475594493,0.0009330189128201674,0.0395,0.00435544199823623,0.0395,0.00435544199823623,0.0395,0.00435544199823623,0.8835,0.007173832657652395,0.019647625521523375,0.007999824182904217,5.680071291139187,0.13863676198273553,nan,nan,nan,nan,29.50515356068388,0.2523273440878169,0.7310324713246705,0.003693792140424181,3.041009061723307,0.01031935279758178,0.5107439417727531,0.006245526989968769,0.3801970043416691,0.0059347288757570105,0.5764263911716365,0.4538777164277392,0.5461222835722608,0.18547899667573284,0.8324043106651803,0.28065161474707057,0.007571510949217203,0.003543478524929628,0.003543478524929628,0.003378470518640511,0.5314925028759944,0.047963189939386495
null,0.5,0.2,two_head_pro_fixdisc,2000,0.02192736285345256,0.0014007591446460299,0.06264385335065967,0.06635585488971275,0.0012133294102730412,0.958,0.00448530935387962,0.25559780638297874,0.0008767891501085281,0.0315,0.0039056209493497957,0.0315,0.0039056209493497957,0.0315,0.0039056209493497957,0.8935,0.0068977441964746715,0.022553366241748904,0.008054773339778283,5.664615731377026,0.13889430504565448,15.331416584402765,15.062350936967647,15.326736787430221,15.296823543868262,13.171247609293538,0.08664465760808335,0.8000000000000003,5.51070230038464e-18,3.1035325607480426,0.011011315269422403,0.5100098140611601,0.006253711841276372,0.3811172483948532,0.006006611260413632,0.5714956562573374,0.4528645965249987,0.5471354034750013,0.18390630902908953,0.8304691128657687,0.2782668343432034,0.007582811520511872,0.0035428031297936673,0.003542803129793667,0.0033674902853521056,0.5304819547915478,0.04993557020279313
null,0.5,0.2,selective_pro,2000,0.025677550288461783,0.001410903766278374,0.06309753462217839,0.068107597335215,0.001170910135929892,0.931,0.0056674068144081545,0.2419841341677096,0.0009533728831908024,0.0555,0.005119558086397693,0.0555,0.005119558086397693,0.0555,0.005119558086397693,0.9145,0.006252589463574273,0.016284574927427214,0.0079981824032398,5.5907473227592694,0.13911476214089039,43.80402498516764,43.03526831968605,43.790653109764094,43.70517609021289,43.75707197180785,0.24810875611074798,0.9999999999696019,1.3606575058412396e-12,3.0794916177780287,0.016708964811953952,0.5090654977962147,0.006247187218326765,0.37869509101790594,0.005907465875418685,0.6170462549894341,0.4062610809989362,0.5937389190010638,0.1831486514739703,0.8310019687079059,0.2824591573516767,0.007448660854869395,0.003495552219334583,0.003495552219334583,0.0032289592191087294,0.5296488455473308,0.0445935549900557
null,0.5,0.2,selective_base,2000,0.02488516594901016,0.0013941580950896921,0.06234864544004335,0.06711692331836963,0.0011883455872242037,0.942,0.005226662414964259,0.24590387571964956,0.000915110490429497,0.0465,0.004708383480558906,0.0465,0.004708383480558906,0.0465,0.004708383480558906,0.9115,0.006350895606133045,0.014554900715801832,0.00795909698287433,5.599002777607557,0.13911778436579594,28.80899999839792,28.353862766500324,28.56465733948787,28.044319495999783,31.415992050626688,0.23097056722525758,0.9999999927784002,4.094056088965358e-10,3.0730073400155553,0.015239617229388396,0.507121918854375,0.006222328068084024,0.3774349551569901,0.005895810945236474,0.6088283634656022,0.4109720885466795,0.5890279114533206,0.182335981998453,0.8296349319971367,0.2806277056277056,0.0074778594274478236,0.0035017853926586164,0.003501785392658616,0.0032378637179618914,0.5267983510352696,0.040825683059974964
null,0.5,0.2,selective_pro_fixdisc,2000,0.023646510737482796,0.001382223791657909,0.061814927165291834,0.06616896665278972,0.0012084444320883503,0.9555,0.004610843198374891,0.25153478936170215,0.0008579108163428255,0.0355,0.004137617067830226,0.0355,0.004137617067830226,0.0355,0.004137617067830226,0.913,0.006302023484564302,0.019497891581043297,0.008056971063962085,5.606589198608003,0.13917113954719001,15.331416584402765,15.062350936967647,15.326736787430221,15.296823543868262,16.201467938957013,0.09998659257705578,0.9999999999925444,6.427245259765025e-13,3.0602475615638856,0.013334296588710659,0.5084567852130616,0.006262824975544315,0.38002025578686344,0.005963221972771494,0.6003756750410895,0.4215591915303176,0.5784408084696824,0.18295649685174584,0.8302075019952115,0.2804496846723334,0.007505570035584381,0.0035145859571882217,0.0035145859571882217,0.003270431540447366,0.5283216915541732,0.04593445761966176
null,0.5,0.2,selective_pro_sam,2000,0.018936275118514197,0.0014472183358145542,0.06472157154330924,0.06741935847728187,0.001167834498876293,0.94,0.005310367218940704,0.24519187797246556,0.0009376156244240084,0.041,0.004433903472111228,0.041,0.004433903472111228,0.041,0.004433903472111228,0.8805,0.0072532665055132246,0.016284574927427214,0.0079981824032398,5.5907473227592694,0.13911476214089039,43.80402498516764,43.03526831968605,43.790653109764094,43.70517609021289,36.854224320825764,0.32893895075542456,0.8439036007325551,0.00568011041708499,2.888960916702896,0.00896230225830815,0.5090654977962147,0.006247187218326765,0.37869509101790594,0.005907465875418685,0.6170462549894341,0.4062610809989362,0.5937389190010638,0.1831486514739703,0.8310019687079059,0.2824591573516767,0.007448660854869395,0.003495552219334583,0.003495552219334583,0.0032289592191087294,0.5296488455473308,0.0445935549900557
null,0.5,0.2,robust_map_w0.5,2000,0.02518926125845443,0.001443897155266624,0.0645730438338948,0.06929712861097338,0.0012814581566469169,0.956,0.004586065852122058,0.2646854753441802,0.0009067290290144725,0.035,0.004109440351191388,0.035,0.004109440351191388,0.035,0.004109440351191388,0.891,0.006968464680257768,nan,nan,1.7659399604854056,0.01344337686245134,nan,nan,nan,nan,3.0689716755048684,0.042463667909679356,0.5,0.0,3.2977726376370065,0.008825900866768294,0.5,0.0,0.35869980529166207,0.005338148863520052,1.0,0.0,1.0,0.17745833333333333,nan,0.3014260943416257,0.0,0.0,0.0,0.0024661616031116124,0.5,nan
null,0.5,0.2,robust_map_w0.9,2000,0.03253344492566259,0.0013961816141380354,0.06243913996296058,0.07039262685072666,0.0012717473998722065,0.9505,0.004850244839180801,0.25979971927409257,0.000853540041895868,0.046,0.00468422885862764,0.046,0.00468422885862764,0.046,0.00468422885862764,0.9275,0.005798437289477226,nan,nan,1.7659399604854056,0.01344337686245134,nan,nan,nan,nan,5.524149015908763,0.07643460223742284,0.9000000000000002,4.9663100392403566e-18,3.2371417458546765,0.014062375315852756,0.5,0.0,0.35869980529166207,0.005338148863520052,1.0,0.0,1.0,0.17745833333333333,nan,0.3014260943416257,0.0,0.0,0.0,0.0024661616031116124,0.5,nan
null,0.5,0.2,power_prior,2000,0.13073394347868594,0.002658257105699691,0.11888087180032705,0.1766832174448214,0.0024628303931815247,0.2515,0.009701745976884779,0.12871142403003757,0.0003685576147537812,0.7005,0.01024206400097168,0.7005,0.01024206400097168,0.7005,0.01024206400097168,0.997,0.0012229063741758816,nan,nan,1.7659399604854056,0.01344337686245134,nan,nan,nan,nan,157.08464999999998,0.607469364827027,1.0,0.0,4.872743626142345,0.0819163943135262,0.5,0.0,0.35869980529166207,0.005338148863520052,1.0,0.0,1.0,0.17745833333333333,nan,0.3014260943416257,0.0,0.0,0.0,0.0024661616031116124,0.5,nan
null,0.5,0.2,uip_dirichlet,2000,0.04765397700974108,0.001583056797814332,0.07079645224311974,0.08532604002432176,0.0014468339208408864,0.8925,0.006926173185822025,0.2512075707133918,0.001202754036717823,0.1,0.00670820393249937,0.1,0.00670820393249937,0.1,0.00670820393249937,0.928,0.0057799653978203,0.05477859351565052,0.007192636795550865,1.7456461432648824,0.014714535121166078,nan,nan,nan,nan,28.87628567625109,0.3673545085314487,1.0,0.0,3.610145604492741,0.03202308376083225,0.505475509749935,0.0049346107560231936,0.3690324801955711,0.0055211241038627045,0.9666588401033106,0.03682690846461679,0.9631730915353832,0.17798625221564135,0.8365937859608745,0.30062066447608615,0.002750889499612426,0.0013404487913526457,0.0013404487913526455,0.002514985962555165,0.5055321789027419,0.049680401277800115
null,0.5,0.2,uip_js,2000,0.011506037925788824,0.0014932792553784507,0.06678147848832969,0.067748984456613,0.0012434229303339248,0.9155,0.006219314672855845,0.22315123066332915,0.0008846105346770419,0.0475,0.004756245893559331,0.0475,0.004756245893559331,0.0475,0.004756245893559331,0.883,0.007187176079657434,0.35367168460203685,0.006184046433818473,2.475514157316157,0.05124513855293689,nan,nan,nan,nan,15.383389502982125,0.10998843914035981,1.0,0.0,2.517686599723483,0.010449492685248848,0.7673045642740893,0.004672149505079852,0.5826509450607051,0.006688143414711584,0.506456914768725,0.7430221366698749,0.25697786333012507,0.2983402489626556,0.8746571258199165,0.3754895987466272,0.007660903084946041,0.0031100269973163746,0.0031100269973163746,0.005380839743956894,0.7983931504089092,0.3932072324004068
null,0.5,0.2,pooling,2000,0.1470756030362958,0.003014411826621655,0.13480859513010662,0.19948810403325454,0.0027547201392209763,0.131,0.00754450130890041,0.07588594618272841,0.00023690985692429402,0.7775,0.009300369616310956,0.7775,0.009300369616310956,0.7775,0.009300369616310956,0.997,0.0012229063741758816,nan,nan,1.7659399604854056,0.01344337686245134,nan,nan,nan,nan,523.6155,2.0248978827567568,1.0,0.0,5.213563876692912,0.09352324837098155,0.5,0.0,0.35869980529166207,0.005338148863520052,1.0,0.0,1.0,0.17745833333333333,nan,0.3014260943416257,0.0,0.0,0.0,0.0024661616031116124,0.5,nan
null,0.75,0.2,weak_only,2000,0.014483269234157518,0.0015363537730352338,0.06870782947990133,0.070200929741937,0.0011232006677595592,0.949,0.004919298730510276,0.2664479513141427,0.001017500543886171,0.0285,0.0037207358143249033,0.0285,0.0037207358143249033,0.0285,0.0037207358143249033,0.8355,0.008289745170992895,nan,nan,nan,nan,nan,nan,nan,nan,0.0,0.0,0.0,0.0,3.4766733701791317,0.005229943389520823,0.5,0.0,0.32396014264720663,0.005817476200446803,0.0,1.0,0.0,nan,0.8792083333333334,nan,0.0,0.0,0.0,nan,0.5,nan
null,0.75,0.2,eb_only,2000,0.010653564250299718,0.0014775965732061955,0.06608012762019595,0.06691710099745429,0.0010556150751551473,0.957,0.004536022486716751,0.2602151555694618,0.0009648292812644213,0.0205,0.00316857617866448,0.0205,0.00316857617866448,0.0205,0.00316857617866448,0.8475,0.008038773227302782,nan,nan,nan,nan,nan,nan,nan,nan,0.0,0.0,0.0,0.0,3.034955452767317,0.005206576320020682,0.5,0.0,0.32396014264720663,0.005817476200446803,0.0,1.0,0.0,nan,0.8792083333333334,nan,0.0,0.0,0.0,nan,0.5,nan
null,0.75,0.2,rule,2000,0.021449572216432393,0.0014846720444811857,0.06639655231507045,0.0697594585451763,0.0011162546381590544,0.9475,0.004987171041783106,0.26045791051314143,0.0009263903939659895,0.0405,0.004407933189148856,0.0405,0.004407933189148856,0.0405,0.004407933189148856,0.872,0.007470475219154402,-0.024521409609936026,0.008278760883735345,5.549959762758579,0.15819953451470095,nan,nan,nan,nan,13.098633911039464,0.06818004200179649,0.8000000000000003,5.512660070187958e-18,3.282828336412247,0.011738493446316304,0.47501471106610876,0.006904510001967908,0.31479901829411483,0.005962138451768853,0.6347016212487064,0.3297000142173357,0.6702999857826644,0.11511511511511512,0.8678892215568862,0.19488428745432398,0.008943027547503628,0.003236253769391938,0.003236253769391938,0.0025244503235621295,0.4741757941084051,-0.022960496729876444
null,0.75,0.2,rule_sam,2000,0.01849084251349894,0.0015187844429025536,0.06792210514998516,0.0703776734389583,0.0011101589013659922,0.9395,0.005331029450303197,0.2587279687108886,0.0009413641081006014,0.0395,0.00435544199823623,0.0395,0.00435544199823623,0.0395,0.00435544199823623,0.8615,0.007723915781519111,-0.024521409609936026,0.008278760883735345,5.549959762758579,0.15819953451470095,nan,nan,nan,nan,11.698221892940127,0.09174275508270532,0.7149643024079958,0.004047543212563745,3.201301054377762,0.00876699422470018,0.47501471106610876,0.006904510001967908,0.31479901829411483,0.005962138451768853,0.6347016212487064,0.3297000142173357,0.6702999857826644,0.11511511511511512,0.8678892215568862,0.19488428745432398,0.008943027547503628,0.003236253769391938,0.003236253769391938,0.0025244503235621295,0.4741757941084051,-0.022960496729876444
null,0.75,0.2,two_head,2000,0.025912017468483248,0.0015263409737395319,0.0682600434824963,0.07299682505938974,0.001141291557195991,0.93,0.005705260730238364,0.25777947259073847,0.000989293822378321,0.055,0.005097793640389928,0.055,0.005097793640389928,0.055,0.005097793640389928,0.872,0.007470475219154402,-0.03966379227427769,0.007910334512649764,5.836818722035991,0.15587620501054159,43.85161551070163,44.121971434035515,43.538282219420786,43.630193813217424,35.86836856002071,0.21447548411632136,0.8000000000000003,5.545558449938213e-18,3.3018431533213772,0.014089637445401789,0.4668527703227809,0.006664343381069299,0.2998470206564686,0.005601159880239407,0.5184546395308727,0.4360456850386238,0.5639543149613762,0.11213907334178916,0.868264603189582,0.18439455281560543,0.009280040603236516,0.0034137871539492107,0.003413787153949211,0.002725523585675524,0.46716474813065717,-0.03656748502338355
null,0.75,0.2,two_head_pro,2000,0.026595047607114123,0.0015228486069982017,0.06810386009377682,0.07309660217149329,0.0011402374554263142,0.9305,0.005686376262612245,0.2582918857321652,0.0009787663923019653,0.0555,0.005119558086397693,0.0555,0.005119558086397693,0.0555,0.005119558086397693,0.874,0.007420377348895405,-0.03896824426707363,0.007896348055272987,5.828479814047093,0.1557216206976733,26.28339777417911,29.05009009802056,30.89060950032488,25.34860299164448,31.96210511241807,0.20906290135098254,0.8000000000000003,5.5003425124906964e-18,3.303707511028597,0.014338510177217718,0.4671882941146034,0.006646659740829339,0.2990613869630147,0.005575810376279078,0.5191445325974474,0.4407847969290555,0.5592152030709445,0.11311537016159338,0.869658719027583,0.18575660330782523,0.009279558496437098,0.0034178363913576326,0.0034178363913576326,0.0027459140250114416,0.4674554680500769,-0.0354417677968023
null,0.75,0.2,two_head_pro_sam,2000,0.02226447153252565,0.0015656657930406181,0.07001870286569879,0.07345661395845961,0.0011227149885801745,0.922,0.005996498978570745,0.2544684953692115,0.0009663240735829245,0.055,0.005097793640389928,0.055,0.005097793640389928,0.055,0.005097793640389928,0.8625,0.007700446415630719,-0.03896824426707363,0.007896348055272987,5.828479814047093,0.1557216206976733,nan,nan,nan,nan,27.138727381374935,0.26974653998278864,0.6801919988515601,0.004867248842441357,3.1742292522138382,0.010072039909851454,0.4671882941146034,0.006646659740829339,0.2990613869630147,0.005575810376279078,0.5191445325974474,0.4407847969290555,0.5592152030709445,0.11311537016159338,0.869658719027583,0.18575660330782523,0.009279558496437098,0.0034178363913576326,0.0034178363913576326,0.0027459140250114416,0.4674554680500769,-0.0354417677968023
null,0.75,0.2,two_head_pro_fixdisc,2000,0.024025745240399517,0.0014791910367871924,0.06615143419929109,0.07036377388156782,0.0011207789171856152,0.945,0.005097793640389931,0.26046917234042555,0.0009066878582241344,0.0445,0.004610843198374892,0.0445,0.004610843198374892,0.0445,0.004610843198374892,0.876,0.007369667563737186,-0.03861650316336591,0.007980072529254218,5.823205407679218,0.15595304680967767,15.355125086865883,15.449149809440028,15.243533407263637,15.277965132895087,13.013532913184196,0.08133632025870799,0.8000000000000003,5.5025841193132455e-18,3.2757543089805568,0.012475410054109046,0.4659618428837289,0.006688792190305184,0.30127676753574034,0.005696231592096846,0.512590548464988,0.4422539216150893,0.5577460783849106,0.11210863824971709,0.8684969753373663,0.18397920019809336,0.0092834234923495,0.0034190274710073827,0.0034190274710073827,0.0027403724202832726,0.46680391938276017,-0.03494622802140007
null,0.75,0.2,selective_pro,2000,0.033493794745051854,0.001514990118238964,0.06775241779245536,0.07556407352762769,0.0011796072782740497,0.893,0.0069119823495145,0.24709387546933667,0.001001673938714888,0.0945,0.0065410148295199574,0.0945,0.0065410148295199574,0.0945,0.0065410148295199574,0.9135,0.006285608562422576,-0.04159556628369411,0.007902156816535296,5.711172666869319,0.1565205900995954,43.871758025121345,44.14040522617559,43.55293186049373,43.65129678344767,43.39395859731678,0.24075920729236386,0.9999999999695045,1.8604844203800956e-12,3.3476931184415206,0.021461069971369463,0.465560462364691,0.006652019882399116,0.2994342597783858,0.005639952391777343,0.5605381165919282,0.39770626984503105,0.6022937301549689,0.1133668201479001,0.8681978067452928,0.18859165554459467,0.009218050300452384,0.00336925491990044,0.003369254919900441,0.0026480810430141127,0.46628674429282246,-0.03773312314160026
null,0.75,0.2,selective_base,2000,0.031533529356296296,0.001486954370518876,0.06649862103841232,0.0735813769942828,0.0011639516056332904,0.917,0.006168914004912047,0.2508615823529412,0.0009523021535219703,0.071,0.005742778073371807,0.071,0.005742778073371807,0.071,0.005742778073371807,0.912,0.0063346665263453285,-0.042061836147066656,0.007853860358076246,5.716814919206757,0.1565534855349913,28.156781769745216,28.916890674640047,28.8554636137663,28.125241945503014,31.11731366453859,0.2189961685240244,0.9999999928543984,3.819934279387046e-10,3.322102688001659,0.019687828721657502,0.4650264407717522,0.006605888063203307,0.29696095692203267,0.00554061673568721,0.5543290789927561,0.4025401639732714,0.5974598360267286,0.11305754889545519,0.8679746576742285,0.18781043651025536,0.009231385177341766,0.0033760389499522753,0.0033760389499522753,0.0026560689699701213,0.46538645943816837,-0.03898561220841316
null,0.75,0.2,selective_pro_fixdisc,2000,0.028429489892932022,0.001448195428398969,0.06476526845209049,0.07071547654682699,0.0011384672148279506,0.9375,0.005412658773652742,0.25583743304130163,0.0008859146040368107,0.0515,0.004942051699446294,0.0515,0.004942051699446294,0.0515,0.004942051699446294,0.9095,0.006415206543830059,-0.040943418706956856,0.007948942674728308,5.742091740750892,0.1564527491130293,15.355125086865883,15.449149809440028,15.243533407263637,15.277965132895087,16.032354814157234,0.09489870601401469,0.9999999999925799,6.431797297632886e-13,3.282625816831238,0.016679466104111897,0.46436307370711116,0.006678304350314979,0.3002133935096982,0.005673038655624779,0.5426008968609866,0.41306099237002986,0.5869390076299701,0.11269522854277117,0.8679545907189803,0.1866287002432224,0.009252600271953976,0.00338962816798734,0.00338962816798734,0.0026765636512887,0.4650891920734239,-0.03747184296688534
null,0.75,0.2,selective_pro_sam,2000,0.01889763538911995,0.001571135915045817,0.07026333415867564,0.07274330403776204,0.001107054139405125,0.914,0.006269130721240385,0.2503316508135169,0.0009645985444026781,0.061,0.005351588549206675,0.061,0.005351588549206675,0.061,0.005351588549206675,0.8565,0.007839252196478946,-0.04159556628369411,0.007902156816535296,5.711172666869319,0.1565205900995954,43.871758025121345,44.14040522617559,43.55293186049373,43.65129678344767,32.8510386729917,0.3582798369718379,0.7568979626061192,0.006793803270170568,2.983188483265973,0.008261250836343126,0.465560462364691,0.006652019882399116,0.2994342597783858,0.005639952391777343,0.5605381165919282,0.39770626984503105,0.6022937301549689,0.1133668201479001,0.8681978067452928,0.18859165554459467,0.009218050300452384,0.00336925491990044,0.003369254919900441,0.0026480810430141127,0.46628674429282246,-0.03773312314160026
null,0.75,0.2,robust_map_w0.5,2000,0.02385807455016662,0.0015113160112967129,0.0675881067348658,0.07165944332158128,0.0011543735732568983,0.945,0.005097793640389931,0.2666894549436796,0.0009340804342071338,0.0405,0.004407933189148856,0.0405,0.004407933189148856,0.0405,0.004407933189148856,0.8705,0.007507654427316162,nan,nan,1.958120270355098,0.01328308446306396,nan,nan,nan,nan,2.92822908810529,0.03436707878327456,0.5,0.0,3.401872389549784,0.009128439124997688,0.5,0.0,0.32396014264720663,0.005817476200446803,1.0,0.0,1.0,0.12079166666666667,nan,0.2155470463586007,0.0,0.0,0.0,0.0021035786960415374,0.5,nan
null,0.75,0.2,robust_map_w0.9,2000,0.034533364746298444,0.001461618213743703,0.06536555366165475,0.0739126008092856,0.0012003847073632353,0.939,0.005351588549206677,0.2637182095118899,0.0008684113958133025,0.0565,0.005162739098579358,0.0565,0.005162739098579358,0.0565,0.005162739098579358,0.9085,0.006447005118657811,nan,nan,1.958120270355098,0.01328308446306396,nan,nan,nan,nan,5.270812358589522,0.06186074180989421,0.9000000000000002,4.9663100392403566e-18,3.4399349999812547,0.015875436776281532,0.5,0.0,0.32396014264720663,0.005817476200446803,1.0,0.0,1.0,0.12079166666666667,nan,0.2155470463586007,0.0,0.0,0.0,0.0021035786960415374,0.5,nan
null,0.75,0.2,power_prior,2000,0.16969686929349206,0.0027302822850195875,0.12210193574134508,0.2090417559207734,0.0024481145358284037,0.1665,0.008329998499399626,0.1322833002503129,0.0003480677490360107,0.8035,0.008885036578427801,0.8035,0.008885036578427801,0.8035,0.008885036578427801,0.9985,0.0008653756409790912,nan,nan,1.958120270355098,0.01328308446306396,nan,nan,nan,nan,157.38375,0.6205472261630853,1.0,0.0,5.998459220633302,0.09821828746506286,0.5,0.0,0.32396014264720663,0.005817476200446803,1.0,0.0,1.0,0.12079166666666667,nan,0.2155470463586007,0.0,0.0,0.0,0.0021035786960415374,0.5,nan
null,0.75,0.2,uip_dirichlet,2000,0.053870408140674016,0.0016646424949887117,0.07444507554059225,0.09187665160883456,0.001434883872094225,0.8715,0.007482905518580331,0.2647105016270338,0.0012320296005494285,0.121,0.007292427579345577,0.121,0.007292427579345577,0.121,0.007292427579345577,0.915,0.006235984284778145,0.03494035292339813,0.007805557621596958,1.9471952458962118,0.014855386667874301,nan,nan,nan,nan,28.062573088437304,0.3674180103851722,1.0,0.0,4.03471764425029,0.03594294205916541,0.5081276975429487,0.005637790740130559,0.3298457983384937,0.005976308657482439,0.969644705070714,0.036633334913037295,0.9633666650869627,0.12148321016465707,0.8977932636469221,0.21591520086028115,0.0031863937081622047,0.001293250088348733,0.0012932500883487336,0.0021476369615147624,0.503309737319163,0.027056640597504233
null,0.75,0.2,uip_js,2000,0.013215718923868065,0.001531954895667154,0.06851110570350709,0.06975729313548117,0.001141909499822796,0.901,0.006678285708173917,0.22698400588235293,0.0009215377127731194,0.0575,0.005205465877325487,0.0575,0.005205465877325487,0.0575,0.005205465877325487,0.8745,0.007407757757918383,0.3424002039016263,0.006328596966811585,2.4636944862032064,0.05707366228435573,nan,nan,nan,nan,15.438369695046669,0.11088685662449824,1.0,0.0,2.622590898994578,0.014633093668432151,0.779325967226268,0.005183129191108541,0.5683969598226245,0.007668589591348581,0.5560538116591929,0.7268375906355149,0.2731624093644851,0.2185466377440347,0.9225818094321463,0.3137712895377129,0.009227827536008343,0.0030674510329840973,0.0030674510329840973,0.004811861768181446,0.8125428184492667,0.38333811537308116
null,0.75,0.2,pooling,2000,0.19219660889932338,0.003093668966623536,0.1383530821850351,0.23679430110292668,0.0027452330361765003,0.079,0.006031542091372653,0.07793685006257824,0.00022181597848171318,0.8615,0.007723915781519111,0.8615,0.007723915781519111,0.8615,0.007723915781519111,0.9985,0.0008653756409790912,nan,nan,1.958120270355098,0.01328308446306396,nan,nan,nan,nan,524.6125,2.068490753876951,1.0,0.0,6.488169140608388,0.11251315263521097,0.5,0.0,0.32396014264720663,0.005817476200446803,1.0,0.0,1.0,0.12079166666666667,nan,0.2155470463586007,0.0,0.0,0.0,0.0021035786960415374,0.5,nan
null,1.0,0.2,weak_only,2000,0.017726402158478413,0.0015578169890779442,0.06966769368164662,0.07187062044140424,0.0012795725958928308,0.9465,0.005031786462082825,0.2662508693366708,0.0010182400890307438,0.034,0.0040524066923249445,0.034,0.0040524066923249445,0.034,0.0040524066923249445,0.8545,0.007884470495854492,nan,nan,nan,nan,nan,nan,nan,nan,0.0,0.0,0.0,0.0,3.4914837658508566,0.005229765558951166,0.5,0.0,0.3151274168833203,0.006479220669613359,0.0,1.0,0.0,nan,0.907375,nan,0.0,0.0,0.0,nan,0.5,nan
null,1.0,0.2,eb_only,2000,0.013813203594488723,0.0014974219372379883,0.06696674485327131,0.06836012900315368,0.0011987222279822454,0.9485,0.004942051699446293,0.26005748998748435,0.0009665494154290063,0.032,0.0039354796403996304,0.032,0.0039354796403996304,0.032,0.0039354796403996304,0.862,0.007712198130234985,nan,nan,nan,nan,nan,nan,nan,nan,0.0,0.0,0.0,0.0,3.0520072770850786,0.005173310664701906,0.5,0.0,0.3151274168833203,0.006479220669613359,0.0,1.0,0.0,nan,0.907375,nan,0.0,0.0,0.0,nan,0.5,nan
null,1.0,0.2,rule,2000,0.027905394389896865,0.001534562547055522,0.06862772341882734,0.07406835070052474,0.0012334381290889569,0.937,0.00543281694887652,0.26433698435544434,0.000938670351711651,0.05,0.004873397172404482,0.05,0.004873397172404482,0.05,0.004873397172404482,0.8925,0.006926173185822025,-0.041246881407737655,0.008623503750654932,5.545676389817792,0.17074721909126572,nan,nan,nan,nan,13.127650807564153,0.0674307297616205,0.8000000000000003,5.5383264400549815e-18,3.4420371903481275,0.01280588826302475,0.4629834047417313,0.0074960668721657416,0.2832188799978391,0.005940705844070792,0.6257309941520468,0.3309454929512789,0.669054507048721,0.08714992794937661,0.8965045403657171,0.15299164100307963,0.010263985600591463,0.003188672822455985,0.0031886728224559853,0.0022325602833283722,0.4577275031016974,-0.04758106158986148
null,1.0,0.2,rule_sam,2000,0.023271386938256533,0.0015697566258015922,0.07020165046846122,0.07394163267511619,0.0012268948230402608,0.935,0.005512485827646179,0.2616091195244055,0.0009522764108439042,0.0475,0.004756245893559331,0.0475,0.004756245893559331,0.0475,0.004756245893559331,0.8755,0.007382403064043579,-0.041246881407737655,0.008623503750654932,5.545676389817792,0.17074721909126572,nan,nan,nan,nan,10.921574445452595,0.09863460489523591,0.6663824746827813,0.00483699647586341,3.30917697448525,0.008843202204148512,0.4629834047417313,0.0074960668721657416,0.2832188799978391,0.005940705844070792,0.6257309941520468,0.3309454929512789,0.669054507048721,0.08714992794937661,0.8965045403657171,0.15299164100307963,0.010263985600591463,0.003188672822455985,0.0031886728224559853,0.0022325602833283722,0.4577275031016974,-0.04758106158986148
null,1.0,0.2,two_head,2000,0.03278567469208452,0.0016147731493864747,0.07221485060539161,0.07929235537332865,0.0012499465944188065,0.917,0.006168914004912047,0.2640003808510638,0.0010378468262681648,0.0675,0.005609979946488223,0.0675,0.005609979946488223,0.0675,0.005609979946488223,0.8825,0.0072004774147274445,-0.06533546200175658,0.008310330450488252,5.906931472196229,0.16737127342796473,43.79585665553178,43.557270325346614,43.980798250329954,43.642285913946644,36.23116309795556,0.21198618001571803,0.8000000000000003,5.322299725084044e-18,3.497228180352359,0.015307451006031144,0.4452912300183065,0.007250307283626867,0.26837203227167394,0.00558207736150161,0.4741340530814215,0.4384442301510768,0.5615557698489232,0.07934954453060303,0.8909209666884389,0.1359473752095963,0.010590546391475648,0.0033624404454364915,0.0033624404454364915,0.002345154820909517,0.4406887490363518,-0.07074591231662922
null,1.0,0.2,two_head_pro,2000,0.033272773721313785,0.0016113660177234693,0.07206247904525617,0.07935667493547509,0.0012511232187541264,0.9135,0.006285608562422576,0.26452593279098874,0.0010274892943925378,0.0725,0.005798437289477226,0.0725,0.005798437289477226,0.0725,0.005798437289477226,0.8845,0.007147018609182434,-0.06704778672170394,0.008104574607573323,5.9090256411729145,0.16712727384271894,24.079499316699657,26.900514279440493,30.815548448841792,27.159143348939843,32.373625709735336,0.208276315137432,0.8000000000000003,5.425849978235585e-18,3.498462850195433,0.015363142436340141,0.44267621760169046,0.0070540699656845745,0.262970072016712,0.005412291490560178,0.47368421052631576,0.44340359094457454,0.5565964090554254,0.0799301654774556,0.8919268427858859,0.13677989218678965,0.010590047849809655,0.003366439217291906,0.0033664392172919064,0.0023626909759117114,0.4381641711617537,-0.07267388147061034
null,1.0,0.2,two_head_pro_sam,2000,0.026698167481959474,0.0016472236687144668,0.07366608194784283,0.07833754164272888,0.0012505127834787403,0.9105,0.006383171233799076,0.2586266122653317,0.0009932964715397743,0.0695,0.005686376262612245,0.0695,0.005686376262612245,0.0695,0.005686376262612245,0.873,0.007445501997850783,-0.06704778672170394,0.008104574607573323,5.9090256411729145,0.16712727384271894,nan,nan,nan,nan,24.92479174439777,0.2840323565409334,0.6195691209181046,0.005686557121374524,3.2920817186929643,0.009896165281572937,0.44267621760169046,0.0070540699656845745,0.262970072016712,0.005412291490560178,0.47368421052631576,0.44340359094457454,0.5565964090554254,0.0799301654774556,0.8919268427858859,0.13677989218678965,0.010590047849809655,0.003366439217291906,0.0033664392172919064,0.0023626909759117114,0.4381641711617537,-0.07267388147061034
null,1.0,0.2,two_head_pro_fixdisc,2000,0.03053147535460159,0.0015449307128337763,0.06909140188847061,0.07552089771272152,0.001242238951500041,0.9315,0.0056483515294287415,0.2648056015018774,0.0009315827359616305,0.056,0.005141206084179081,0.056,0.005141206084179081,0.056,0.005141206084179081,0.8925,0.006926173185822025,-0.0657000055234316,0.008170208750653694,5.91009615737436,0.16729173751494097,15.336082928981003,15.251877133105804,15.399055855284072,15.281436610911351,13.166775488575983,0.08101869428331991,0.8000000000000003,5.504824813336405e-18,3.4453519017754926,0.013563870541307971,0.44342308605517894,0.007114055632183363,0.2623375989068541,0.0053402916948246905,0.4709851551956815,0.4423474307755889,0.5576525692244111,0.07937229929497384,0.8912017762975298,0.13585052549630205,0.010586875543550159,0.0033656161480362717,0.0033656161480362717,0.002353627011472982,0.4391846753576205,-0.07102142063169589
null,1.0,0.2,selective_pro,2000,0.04569234838314759,0.0016248999625908395,0.07266773545979965,0.08582394874237567,0.0012989057716399233,0.84,0.00819756061276768,0.24921422728410514,0.0010253208697839648,0.145,0.007873214083206426,0.145,0.007873214083206426,0.145,0.007873214083206426,0.9325,0.005609979946488223,-0.06796018689400425,0.00814474676787465,5.761499218956967,0.16819152517107813,43.81734574260291,43.57676106162057,43.997280066200965,43.66121969895251,43.771404006748696,0.23811838722501463,0.9999999999731549,1.1664722156681095e-12,3.6508029916807936,0.026631710904729232,0.442949072145721,0.007095759223570386,0.2633473068295965,0.00540080356728805,0.5276653171390013,0.3993203838912614,0.6006796161087387,0.08229268977129227,0.89226349271496,0.142380287673727,0.010588500502073486,0.0033188158970547436,0.003318815897054743,0.0023017828355598366,0.4382626665236456,-0.07363142251747322
null,1.0,0.2,selective_base,2000,0.042448564854906834,0.001578154637757641,0.07057722098065283,0.0823439992199338,0.001278729776692639,0.8775,0.007331226022978695,0.25362573529411764,0.0009711423876343346,0.1095,0.0069824691191583505,0.1095,0.0069824691191583505,0.1095,0.0069824691191583505,0.9305,0.005686376262612245,-0.06590113889846716,0.008282382009325802,5.774695041979129,0.16821578327639186,27.903403573976682,27.926132826037737,28.98585043891634,28.37266680372771,31.383582277266125,0.21602717992469472,0.9999999934622888,3.8728581855637695e-10,3.59261374259447,0.023708483108872257,0.445151732214849,0.007237027645173626,0.26839466520343513,0.005575057869658861,0.5177687809266757,0.40450934472149513,0.5954906552785049,0.0815213542035555,0.8915089565833417,0.14086403133031455,0.01059804747004885,0.0033258505447074584,0.0033258505447074584,0.002302863813123325,0.4400327645241021,-0.07222750467408068
null,1.0,0.2,selective_pro_fixdisc,2000,0.037722329488929,0.0015079760535025683,0.06743873928147205,0.07725725665701408,0.0012610064608165538,0.912,0.0063346665263453285,0.2588731211514393,0.0008919385838977737,0.0785,0.006014056451347958,0.0785,0.006014056451347958,0.0785,0.006014056451347958,0.9325,0.005609979946488223,-0.06620269813074442,0.008200397349454904,5.810309405802028,0.1679570598637123,15.336082928981003,15.251877133105804,15.399055855284072,15.281436610911351,16.18793941625438,0.09427297793556894,0.9999999999934223,6.053392081601703e-13,3.512532504277666,0.01970772182242486,0.44326080031003967,0.007158268628318857,0.2649292461119881,0.005476044555472614,0.5056230319388214,0.4146576663452266,0.5853423336547734,0.0810323696921635,0.8914996544574982,0.13967938362122528,0.010604075416315866,0.0033384954707733018,0.0033384954707733018,0.002316997103763955,0.4390039634575291,-0.07152160144987968
null,1.0,0.2,selective_pro_sam,2000,0.02251019584848249,0.0016385969955735429,0.07328028539658728,0.07664218254217724,0.0012487740422445816,0.906,0.0065254884874620675,0.2537583745932416,0.0009865818465833991,0.07,0.005705260730238366,0.07,0.005705260730238366,0.07,0.005705260730238366,0.8675,0.007581020709640621,-0.06796018689400425,0.00814474676787465,5.761499218956967,0.16819152517107813,43.81734574260291,43.57676106162057,43.997280066200965,43.66121969895251,28.984909125290745,0.3689753371228382,0.6650709806711411,0.007506241800401524,3.0632107201237844,0.008034796900378444,0.442949072145721,0.007095759223570386,0.2633473068295965,0.00540080356728805,0.5276653171390013,0.3993203838912614,0.6006796161087387,0.08229268977129227,0.89226349271496,0.142380287673727,0.010588500502073486,0.0033188158970547436,0.003318815897054743,0.0023017828355598366,0.4382626665236456,-0.07363142251747322
null,1.0,0.2,robust_map_w0.5,2000,0.027892682163063377,0.0015463786098050632,0.06915615380951488,0.07455322958242716,0.0012755662249254634,0.94,0.005310367218940704,0.26880980675844807,0.0009519738212429589,0.047,0.00473238840333293,0.047,0.00473238840333293,0.047,0.00473238840333293,0.8865,0.007092874946028586,nan,nan,2.056782715712083,0.013165184075333545,nan,nan,nan,nan,2.893374473242276,0.03156858556581905,0.5,0.0,3.4976688846323487,0.009370954232382819,0.5,0.0,0.3151274168833203,0.006479220669613359,1.0,0.0,1.0,0.092625,nan,0.16954581855622927,0.0,0.0,0.0,0.0018713365252206776,0.5,nan
null,1.0,0.2,robust_map_w0.9,2000,0.04080527984088091,0.0015007210714821193,0.0671142866220068,0.07853117959090576,0.0012976457576105496,0.9245,0.005907611615534657,0.26738831389236545,0.000886465450547757,0.07,0.005705260730238366,0.07,0.005705260730238366,0.07,0.005705260730238366,0.918,0.006134981662564281,nan,nan,2.056782715712083,0.013165184075333545,nan,nan,nan,nan,5.208074051836096,0.05682345401847429,0.9000000000000002,4.9663100392403566e-18,3.621617103587827,0.017194318924537624,0.5,0.0,0.3151274168833203,0.006479220669613359,1.0,0.0,1.0,0.092625,nan,0.16954581855622927,0.0,0.0,0.0,0.0018713365252206776,0.5,nan
null,1.0,0.2,power_prior,2000,0.20240169039801514,0.002793468641559682,0.12492771551082887,0.23783518434343812,0.002452523597905124,0.1165,0.007173832657652393,0.13419781088861077,0.0003271840709137132,0.863,0.007688660481514319,0.863,0.007688660481514319,0.863,0.007688660481514319,0.999,0.0007067531393633852,nan,nan,2.056782715712083,0.013165184075333545,nan,nan,nan,nan,157.51784999999998,0.6111911038877167,1.0,0.0,7.083022715782843,0.11266920194985697,0.5,0.0,0.3151274168833203,0.006479220669613359,1.0,0.0,1.0,0.092625,nan,0.16954581855622927,0.0,0.0,0.0,0.0018713365252206776,0.5,nan
null,1.0,0.2,uip_dirichlet,2000,0.0625596305212857,0.0017243515567558429,0.07711534596027303,0.09928499667744917,0.0015448317759692602,0.853,0.007918049002121673,0.2744069349186483,0.0012422208034669061,0.142,0.007804998398462359,0.142,0.007804998398462359,0.142,0.007804998398462359,0.9165,0.006185780063985464,0.008515100164930508,0.008597217529262858,2.061150721577612,0.015315949370763764,nan,nan,nan,nan,29.028346043906947,0.3886971522278533,1.0,0.0,4.449814509981963,0.039955365055650914,0.49429688711401293,0.006492472563224232,0.30394879653250184,0.006223773768458917,0.9631129104813315,0.0391238462598154,0.9608761537401846,0.0928206017514957,0.9122055674518201,0.16932263039266082,0.0039976619429519114,0.0013138792503725634,0.0013138792503725623,0.0019106565850208078,0.4935610602688564,0.007427429567729778
null,1.0,0.2,uip_js,2000,0.02199531181366195,0.001559114234838005,0.06972570827570701,0.07309608265243726,0.0012561898420466423,0.9,0.006708203932499368,0.23243347897371713,0.0009728233794755151,0.0685,0.0056483515294287415,0.0685,0.0056483515294287415,0.0685,0.0056483515294287415,0.8965,0.006811304941052046,0.36251074252211934,0.006752116277569905,2.3603779677131786,0.06352311907474915,nan,nan,nan,nan,15.93251209129487,0.11215720989003375,1.0,0.0,2.793493413219823,0.019126281728528673,0.8077817538934933,0.005559898983097083,0.5939405588624339,0.00868317901099593,0.6027890238416554,0.7031271525003444,0.2968728474996556,0.17168481742472774,0.9454769990737882,0.2672516952532908,0.010378236349859694,0.003096015655813676,0.003096015655813676,0.004268519823664641,0.8275850905257633,0.3870537385647119
null,1.0,0.2,pooling,2000,0.2295931177905273,0.0031816878112228826,0.1422894045815377,0.270091005506691,0.0027691668183835493,0.054,0.005053909377897471,0.07890786983729663,0.0002056697914828803,0.904,0.006587260432076448,0.904,0.006587260432076448,0.904,0.006587260432076448,0.999,0.0007067531393633852,nan,nan,2.056782715712083,0.013165184075333545,nan,nan,nan,nan,525.0595,2.0373036796257225,1.0,0.0,7.747443275709315,0.13040601077175829,0.5,0.0,0.3151274168833203,0.006479220669613359,1.0,0.0,1.0,0.092625,nan,0.16954581855622927,0.0,0.0,0.0,0.0018713365252206776,0.5,nan
null,1.25,0.2,weak_only,2000,0.019254956742075537,0.0015001462876733224,0.06708858150863008,0.06978094789478631,0.0011596752323530424,0.9495,0.0048964145045124596,0.26834494355444305,0.0009783775888558613,0.0365,0.004193313129257103,0.0365,0.004193313129257103,0.0365,0.004193313129257103,0.859,0.007781998457979801,nan,nan,nan,nan,nan,nan,nan,nan,0.0,0.0,0.0,0.0,3.4837418756874743,0.005182519587933432,0.5,0.0,0.3188497320495708,0.006984628621412671,0.0,1.0,0.0,nan,0.917375,nan,0.0,0.0,0.0,nan,0.5,nan
null,1.25,0.2,eb_only,2000,0.0152797808636083,0.0014435006269947746,0.06455531055047768,0.06632326989412064,0.0010879655396206615,0.9575,0.004510751046111944,0.26201579662077595,0.0009282536190506297,0.0285,0.0037207358143249033,0.0285,0.0037207358143249033,0.0285,0.0037207358143249033,0.871,0.007495298526409739,nan,nan,nan,nan,nan,nan,nan,nan,0.0,0.0,0.0,0.0,3.0442458899885083,0.005186077399391907,0.5,0.0,0.3188497320495708,0.006984628621412671,0.0,1.0,0.0,nan,0.917375,nan,0.0,0.0,0.0,nan,0.5,nan
null,1.25,0.2,rule,2000,0.0321054683283984,0.0015349089958092961,0.06864321707811052,0.07576474379150885,0.001213407399042692,0.9385,0.005372045699731156,0.27080627847309136,0.000958364410576564,0.053,0.005009540897128199,0.053,0.005009540897128199,0.053,0.005009540897128199,0.887,0.007079230184137255,-0.024824042479825423,0.009257829892033543,5.687204240628301,0.18694478026804637,nan,nan,nan,nan,13.142247234757415,0.06907870966175285,0.8000000000000003,5.56442849919297e-18,3.6078511149822363,0.01464564361846402,0.4725095314905992,0.007968790905520865,0.2971437655233516,0.00655836586690406,0.6298537569339385,0.3312894581459781,0.6687105418540219,0.07819934886050589,0.908570004982561,0.13912559175717074,0.01084289314365548,0.0031720777371780987,0.0031720777371780987,0.0021244202034308036,0.48264632389392925,-0.013883935440336942
null,1.25,0.2,rule_sam,2000,0.02519397328180351,0.0015622777910056823,0.0698671868085383,0.07425442323772469,0.0011946768728496233,0.9365,0.005452877680637995,0.26575222065081355,0.0009652310169017998,0.05,0.004873397172404482,0.05,0.004873397172404482,0.05,0.004873397172404482,0.8745,0.007407757757918383,-0.024824042479825423,0.009257829892033543,5.687204240628301,0.18694478026804637,nan,nan,nan,nan,9.789785138634691,0.11207690271435794,0.5963751346659674,0.005909603931131874,3.3704755413655048,0.008556366645502625,0.4725095314905992,0.007968790905520865,0.2971437655233516,0.00655836586690406,0.6298537569339385,0.3312894581459781,0.6687105418540219,0.07819934886050589,0.908570004982561,0.13912559175717074,0.01084289314365548,0.0031720777371780987,0.0031720777371780987,0.0021244202034308036,0.48264632389392925,-0.013883935440336942
null,1.25,0.2,two_head,2000,0.0365682683194581,0.0016334245827424284,0.073048968062626,0.0816744874916943,0.0012654413051376688,0.9225,0.005978869040211535,0.27404530513141423,0.0011083406863279,0.067,0.005590661857061291,0.067,0.005590661857061291,0.067,0.005590661857061291,0.887,0.007079230184137255,-0.07323353016939367,0.008541595104452286,6.070789496170382,0.18282594812518255,44.434164458237554,44.25192730991158,43.74087823236456,43.4846706142039,36.2037357966297,0.2255331020104288,0.8000000000000003,5.35492826177321e-18,3.727120940706466,0.016778760901677098,0.4369253093471109,0.007461841734232163,0.2588222190773931,0.005495351171382161,0.4886535552193646,0.43956942362719714,0.5604305763728028,0.07281334535617674,0.9051627384960719,0.12674122032568177,0.01122526997117616,0.0033449958043961768,0.0033449958043961768,0.002252333427407236,0.44833663214889274,-0.060889007771175355
null,1.25,0.2,two_head_pro,2000,0.03697038882690313,0.0016303119633816882,0.07290976749305206,0.08173118088468666,0.00126765148851867,0.9195,0.006083574196144895,0.27453519461827286,0.0010908131117218737,0.07,0.005705260730238366,0.07,0.005705260730238366,0.07,0.005705260730238366,0.8865,0.007092874946028586,-0.07508322433193294,0.008422943098363438,6.07292299234355,0.1826373685879809,24.30123439602684,25.611381116780546,28.05448909687619,28.45865590021723,32.39361818484968,0.2224633183485469,0.8000000000000003,5.485187705605244e-18,3.7249765739107343,0.016631813473574623,0.4349174801932328,0.007342857239737725,0.2544278566021275,0.005288839821557663,0.48058497226424607,0.44365717400190763,0.5563428259980924,0.0721860324193304,0.9046119651787368,0.12551860388541322,0.011219693457483096,0.0033482349790020325,0.0033482349790020325,0.002252356727378234,0.4449774482072135,-0.06377275479637226
null,1.25,0.2,two_head_pro_sam,2000,0.027771029962135877,0.0016305921785726642,0.07292229909735906,0.07801431266088114,0.001243835878807783,0.9215,0.006014056451347959,0.26519538585732166,0.001020675253116068,0.065,0.005512485827646181,0.065,0.005512485827646181,0.065,0.005512485827646181,0.8745,0.007407757757918383,-0.07508322433193294,0.008422943098363438,6.07292299234355,0.1826373685879809,nan,nan,nan,nan,21.3892587335973,0.3093362386909645,0.5307750211597461,0.006475994988804445,3.383872562730218,0.009345031520012627,0.4349174801932328,0.007342857239737725,0.2544278566021275,0.005288839821557663,0.48058497226424607,0.44365717400190763,0.5563428259980924,0.0721860324193304,0.9046119651787368,0.12551860388541322,0.011219693457483096,0.0033482349790020325,0.0033482349790020325,0.002252356727378234,0.4449774482072135,-0.06377275479637226
null,1.25,0.2,two_head_pro_fixdisc,2000,0.03524410583793534,0.001552286266741728,0.0694203522594775,0.077839082159874,0.0012286454495931143,0.933,0.0055906618570612885,0.2725956576971214,0.0009717049620159732,0.059,0.0052687284993630104,0.059,0.0052687284993630104,0.059,0.0052687284993630104,0.895,0.006854742883580681,-0.07173447627757669,0.008472581266265898,6.078309920440398,0.1828041330380534,15.5613309352518,15.495825559701464,15.31605815478793,15.22602699530518,13.16025836888326,0.08813677251532559,0.8000000000000003,5.390219782912618e-18,3.6381880748092645,0.015071231214151562,0.4362482208525247,0.007371009505110116,0.2567329790083788,0.005424564570577274,0.47806354009077157,0.44411136848798655,0.5558886315120135,0.07188898157276105,0.9042818829187089,0.12498352010547133,0.011217350037741255,0.0033485807033547636,0.0033485807033547636,0.0022493556436223206,0.4461273327832236,-0.06067184392278098
null,1.25,0.2,selective_pro,2000,0.05927545667325647,0.001692508156986922,0.07569126582991287,0.09612430963547242,0.0013776645646308714,0.799,0.008960998828255698,0.25516047209011267,0.001089658953876849,0.191,0.008789738335126933,0.191,0.008789738335126933,0.191,0.008789738335126933,0.946,0.005053909377897473,-0.07578242316802916,0.008444789070659096,5.933796962450509,0.18385331417535064,44.460911986661166,44.27375451007584,43.76013828413453,43.50290958626965,43.75303182421324,0.25154203937946895,0.9999999999703919,2.5721528449009418e-12,4.075470170306865,0.0336034412520023,0.4349989940506168,0.007379630730470123,0.25638495389318533,0.005364100189606648,0.5335350479072113,0.39969114774946635,0.6003088522505337,0.07411558669001751,0.9048843187660668,0.13015131012424652,0.011202878577964134,0.0033011903540332652,0.0033011903540332652,0.0021925277737127337,0.4460505955836416,-0.06388606621173235
null,1.25,0.2,selective_base,2000,0.05404276390307811,0.0016205611885996487,0.07247369958813343,0.09039043778912047,0.0013196007316511138,0.8445,0.008103078118838543,0.260296490988736,0.0010236068336682814,0.1465,0.007906887820122402,0.1465,0.007906887820122402,0.1465,0.007906887820122402,0.9465,0.005031786462082825,-0.07633617506670747,0.00850928874343167,5.946603659489964,0.18382787929098296,28.375779683328005,28.411061142422643,28.428954695799586,28.46471340297675,31.410197566401166,0.2228236156996112,0.9999999936011372,3.175518602740428e-10,3.9649775459396563,0.029230494775863307,0.4344372220842117,0.0074396681698504575,0.25826938866332094,0.00548277014268005,0.5279878971255674,0.40441477040468726,0.5955852295953128,0.0739406779661017,0.9048780487804878,0.12971566623304218,0.011210557070044308,0.0033075498060290533,0.003307549806029053,0.0021990215805177938,0.4465758821452069,-0.06294482208340894
null,1.25,0.2,selective_pro_fixdisc,2000,0.04720610263297806,0.001521134573425856,0.06802720618210718,0.08278769870184645,0.0012605629597197483,0.9015,0.0066632480818291625,0.26526295682102624,0.0009145006893436341,0.092,0.006462816723379984,0.092,0.006462816723379984,0.092,0.006462816723379984,0.943,0.005184158562389852,-0.07518917851402537,0.008469030461069539,5.980809649760712,0.18359013330426047,15.5613309352518,15.495825559701464,15.31605815478793,15.22602699530518,16.180183307974442,0.10095438273527807,0.9999999999922214,1.1987638639751561e-12,3.810922046100781,0.02391347794656459,0.4339354196333265,0.007370692009012732,0.2555798012829998,0.005362066548511846,0.513363590519415,0.4161784075941318,0.5838215924058682,0.07338523644752018,0.904719589257504,0.1284137496058026,0.01122415031985215,0.003322008791417204,0.003322008791417204,0.0022140346663883275,0.4440462858147245,-0.06410125361819669
null,1.25,0.2,selective_pro_sam,2000,0.022988227632828567,0.0016044856782396581,0.07175478090937462,0.07533015875968549,0.0012412925649612455,0.92,0.006066300355241239,0.25997552891113895,0.0010070933918475793,0.0645,0.005492711079239468,0.0645,0.005492711079239468,0.0645,0.005492711079239468,0.876,0.007369667563737186,-0.07578242316802916,0.008444789070659096,5.933796962450509,0.18385331417535064,44.460911986661166,44.27375451007584,43.76013828413453,43.50290958626965,24.11165045295737,0.39070262405400924,0.5510530854685342,0.008001873562329637,3.1072094796838554,0.0074643336695273885,0.4349989940506168,0.007379630730470123,0.25638495389318533,0.005364100189606648,0.5335350479072113,0.39969114774946635,0.6003088522505337,0.07411558669001751,0.9048843187660668,0.13015131012424652,0.011202878577964134,0.0033011903540332652,0.0033011903540332652,0.0021925277737127337,0.4460505955836416,-0.06388606621173235
null,1.25,0.2,robust_map_w0.5,2000,0.029994723180736593,0.0015214878175783702,0.06804300374086071,0.07434526784933095,0.0012061265139702315,0.941,0.005268728499363013,0.2729704262828536,0.000942855508803045,0.05,0.004873397172404482,0.05,0.004873397172404482,0.05,0.004873397172404482,0.888,0.007051808278732484,nan,nan,2.0341407752148384,0.014231215134850572,nan,nan,nan,nan,2.939188072165045,0.03652990563793829,0.5,0.0,3.5786155218276434,0.009677711089242291,0.5,0.0,0.3188497320495708,0.006984628621412671,1.0,0.0,1.0,0.082625,nan,0.15263826347996767,0.0,0.0,0.0,0.0017771478715322671,0.5,nan
null,1.25,0.2,robust_map_w0.9,2000,0.04535928808606128,0.0015041315729087037,0.06726680888255085,0.08111736054093047,0.0012656850622889966,0.9205,0.006048956521582876,0.2741729391739675,0.0008955290515970444,0.076,0.005925537950262406,0.076,0.005925537950262406,0.076,0.005925537950262406,0.9155,0.006219314672855845,nan,nan,2.0341407752148384,0.014231215134850572,nan,nan,nan,nan,5.2905385298970815,0.06575383014828891,0.9000000000000002,4.9663100392403566e-18,3.823944748655399,0.019349417551979515,0.5,0.0,0.3188497320495708,0.006984628621412671,1.0,0.0,1.0,0.082625,nan,0.15263826347996767,0.0,0.0,0.0,0.0017771478715322671,0.5,nan
null,1.25,0.2,power_prior,2000,0.23971305187091105,0.002916532881396176,0.13043131562830362,0.27288490095596707,0.0025399869196948187,0.091,0.006431135203057078,0.13580887784730913,0.0002985909963808057,0.899,0.006737915107805974,0.899,0.006737915107805974,0.899,0.006737915107805974,1.0,0.0,nan,nan,2.0341407752148384,0.014231215134850572,nan,nan,nan,nan,157.3146,0.6197582823845859,1.0,0.0,8.418401823526056,0.13576561612859528,0.5,0.0,0.3188497320495708,0.006984628621412671,1.0,0.0,1.0,0.082625,nan,0.15263826347996767,0.0,0.0,0.0,0.0017771478715322671,0.5,nan
null,1.25,0.2,uip_dirichlet,2000,0.06907456912527797,0.0017175082188758343,0.07680930258641906,0.10328608439268565,0.0014894964436514245,0.8495,0.007995303308818246,0.28611923529411765,0.0012622347286015115,0.1465,0.007906887820122402,0.1465,0.007906887820122402,0.1465,0.007906887820122402,0.9145,0.006252589463574273,0.016325788080855618,0.009393453670118568,2.0402788547662443,0.01677474865728603,nan,nan,nan,nan,28.747074949083842,0.3835556724261525,1.0,0.0,4.886173906757843,0.0437931966996557,0.49690009075886304,0.006920411306469385,0.3239942723385809,0.007251685150760654,0.9611699445284921,0.03910614525139665,0.9608938547486033,0.08264677824993495,0.917910447761194,0.15220602914753442,0.004338331552265397,0.0013064149489529961,0.0013064149489529961,0.0018131459975451194,0.49867441519740374,0.019516899882530706
null,1.25,0.2,uip_js,2000,0.031203945559710015,0.0015515236582322304,0.06938624737012837,0.07606398830550458,0.0012044889592641112,0.901,0.006678285708173917,0.24334181001251565,0.001014237783040503,0.079,0.006031542091372653,0.079,0.006031542091372653,0.079,0.006031542091372653,0.9,0.006708203932499368,0.37928777614254483,0.0074386533933594465,2.2946479335726724,0.06708808036626147,nan,nan,nan,nan,16.281231635992135,0.12509677470503933,1.0,0.0,3.1042646781889562,0.027005695817912345,0.8167223318387475,0.006134059827212321,0.6129868130010919,0.009164033132723166,0.616238023197176,0.6657582776945088,0.3342417223054912,0.14240764479664375,0.9506453077372073,0.23135176069670577,0.010920533615368053,0.003179139217625256,0.003179139217625256,0.0037725773368188316,0.8376167068306675,0.4048272240666291
null,1.25,0.2,pooling,2000,0.2719209954010406,0.0033192395293795505,0.1484409044259417,0.3097817174973871,0.0028750621816725206,0.0455,0.004659922209651144,0.07949035657071339,0.00019073119245229168,0.933,0.0055906618570612885,0.933,0.0055906618570612885,0.933,0.0055906618570612885,1.0,0.0,nan,nan,2.0341407752148384,0.014231215134850572,nan,nan,nan,nan,524.382,2.0658609412819526,1.0,0.0,9.30374806460235,0.15872430714476005,0.5,0.0,0.3188497320495708,0.006984628621412671,1.0,0.0,1.0,0.082625,nan,0.15263826347996767,0.0,0.0,0.0,0.0017771478715322671,0.5,nan
null,1.5,0.2,weak_only,2000,0.01716100975733726,0.001526942822606403,0.0682869589820664,0.07039373174172778,0.001214549265991095,0.952,0.004779958158812692,0.26714305632040053,0.0010189716286612182,0.0275,0.0036567574434189644,0.0275,0.0036567574434189644,0.0275,0.0036567574434189644,0.8425,0.00814535910810567,nan,nan,nan,nan,nan,nan,nan,nan,0.0,0.0,0.0,0.0,3.483198936470015,0.005256760579491048,0.5,0.0,0.30944445602980686,0.00705423332994302,0.0,1.0,0.0,nan,0.921875,nan,0.0,0.0,0.0,nan,0.5,nan
null,1.5,0.2,eb_only,2000,0.013244668118442583,0.0014677332825263037,0.06563902785135439,0.06694586596534495,0.001137782138931065,0.9575,0.004510751046111944,0.26087772640801,0.0009661064206944216,0.022,0.003279939023823461,0.022,0.003279939023823461,0.022,0.003279939023823461,0.8505,0.007973385416496557,nan,nan,nan,nan,nan,nan,nan,nan,0.0,0.0,0.0,0.0,3.0431596922688096,0.00520637967521301,0.5,0.0,0.30944445602980686,0.00705423332994302,0.0,1.0,0.0,nan,0.921875,nan,0.0,0.0,0.0,nan,0.5,nan
null,1.5,0.2,rule,2000,0.03103489517007147,0.0015774340471501414,0.07054499518900649,0.07705370053580272,0.0012642581715331307,0.9365,0.005452877680637995,0.27360734518147684,0.0010356776132142147,0.049,0.0048269555622566076,0.049,0.0048269555622566076,0.049,0.0048269555622566076,0.8815,0.007226954752867907,-0.01865095286377226,0.009394820527268002,5.46126891783042,0.18535397150066996,nan,nan,nan,nan,13.03243199750002,0.06713023536507422,0.8000000000000003,5.578539147782624e-18,3.7940295061091507,0.01545273784572468,0.47684932683697506,0.008155491619772626,0.2957307060345598,0.006776702078171511,0.6474666666666666,0.3307118644067797,0.6692881355932203,0.07577081512919735,0.9171471546753572,0.13566519528412582,0.011033369560195646,0.003162931681244503,0.003162931681244503,0.0020906554029709646,0.5000520582812249,0.006451826447299497
null,1.5,0.2,rule_sam,2000,0.022294755378324496,0.0015829676497513623,0.07079246542054249,0.07420325795487603,0.00125938329834499,0.9375,0.005412658773652742,0.26648423942428034,0.0010298971374567557,0.0415,0.004459694496263169,0.0415,0.004459694496263169,0.0415,0.004459694496263169,0.863,0.007688660481514319,-0.01865095286377226,0.009394820527268002,5.46126891783042,0.18535397150066996,nan,nan,nan,nan,8.45208377218419,0.11661731702180701,0.518802638731724,0.00640876919729872,3.4435921982453883,0.008268215520839324,0.47684932683697506,0.008155491619772626,0.2957307060345598,0.006776702078171511,0.6474666666666666,0.3307118644067797,0.6692881355932203,0.07577081512919735,0.9171471546753572,0.13566519528412582,0.011033369560195646,0.003162931681244503,0.003162931681244503,0.0020906554029709646,0.5000520582812249,0.006451826447299497
null,1.5,0.2,two_head,2000,0.03393550664951921,0.001678146059205625,0.07504897329114328,0.08234774331709566,0.0013172795454452636,0.9205,0.006048956521582876,0.2772593055068836,0.0011968547662801594,0.0625,0.005412658773652742,0.0625,0.005412658773652742,0.0625,0.005412658773652742,0.875,0.00739509972887452,-0.049941070163913345,0.008645643689452876,5.835901295231293,0.18163229612180978,43.8997693033327,44.387399544589385,42.49278443568356,43.283257949587416,35.985015088674245,0.2155097757397603,0.8000000000000003,5.51349890157982e-18,3.948144857275979,0.0172449249616778,0.4541930783222779,0.007617821046162918,0.2695369969338596,0.006015338582934757,0.5130666666666667,0.44022598870056495,0.559774011299435,0.07207612197497565,0.9142964423167182,0.1263960057811063,0.011543061690261609,0.003337356222667826,0.003337356222667826,0.0022385152159568704,0.47352142608140085,-0.029872871395137772
null,1.5,0.2,two_head_pro,2000,0.03434843071855059,0.0016755622740144958,0.07493342290461084,0.08241374310207142,0.0013218851227997138,0.924,0.005925537950262405,0.27842615594493114,0.0011777408377450897,0.0615,0.005372045699731156,0.0615,0.005372045699731156,0.0615,0.005372045699731156,0.874,0.007420377348895405,-0.06300622522764146,0.008496921723155835,5.876323596515985,0.18075302349087236,24.38225833630657,24.327819620356525,24.466344673348996,28.97672642052055,32.21930638796737,0.2094481606149045,0.8000000000000003,5.4238608739844145e-18,3.9568713284595427,0.016968704825094005,0.44216280981041356,0.007408666675643467,0.25863885805400133,0.005626437559127094,0.49066666666666664,0.44361581920903953,0.5563841807909604,0.06953892668178382,0.9113277623026926,0.12181396888447535,0.011544993463578665,0.003340021476682751,0.003340021476682751,0.002211480803385757,0.46082496289251346,-0.043042628857966315
null,1.5,0.2,two_head_pro_sam,2000,0.023182996226792926,0.0016346330991499026,0.07310301455940672,0.07667352885028503,0.00130141177640851,0.9285,0.005761412587204635,0.26629529098873594,0.001098681346686944,0.0505,0.00489641450451246,0.0505,0.00489641450451246,0.0505,0.00489641450451246,0.858,0.00780499839846236,-0.06300622522764146,0.008496921723155835,5.876323596515985,0.18075302349087236,nan,nan,nan,nan,17.33629760476415,0.3020351384511862,0.4329939423509286,0.006726450938736298,3.4565635676444098,0.008568363397545303,0.44216280981041356,0.007408666675643467,0.25863885805400133,0.005626437559127094,0.49066666666666664,0.44361581920903953,0.5563841807909604,0.06953892668178382,0.9113277623026926,0.12181396888447535,0.011544993463578665,0.003340021476682751,0.003340021476682751,0.002211480803385757,0.46082496289251346,-0.043042628857966315
null,1.5,0.2,two_head_pro_fixdisc,2000,0.03403787657361745,0.0015985494033998458,0.07148930262787577,0.07916275684730611,0.0012698131367633004,0.9305,0.005686376262612245,0.2763295790988736,0.0010332631190503349,0.057,0.00518415856238985,0.057,0.00518415856238985,0.057,0.00518415856238985,0.877,0.007344079247938437,-0.05746861179780141,0.008541703602256935,5.868285310094034,0.18121183554974163,15.372777777777776,15.543954802259883,14.879999999999987,15.15567990721947,13.049597208353795,0.08150313545536018,0.8000000000000003,5.383065443820949e-18,3.855090291417311,0.01571284123898631,0.44598250824164853,0.007465426929084156,0.26194776884932514,0.005753323746849689,0.4938666666666667,0.44384180790960454,0.5561581920903955,0.06998715138689442,0.9118766830717802,0.12260029127499009,0.011546136605744734,0.003340193556157161,0.0033401935561571602,0.0022179783274201815,0.4644408384591465,-0.03781044573120904
null,1.5,0.2,selective_pro,2000,0.06746724885345827,0.0018018655566776976,0.08058187742093664,0.10508102548535099,0.0014918414129263596,0.744,0.00975868843646522,0.25555964130162706,0.0011449698635934186,0.243,0.009590385810800314,0.243,0.009590385810800314,0.243,0.009590385810800314,0.9545,0.004659922209651143,-0.06025225194434944,0.008544343221500224,5.718571866669233,0.18218477002056835,43.92219011101776,44.4112634788428,42.51425350228237,43.301919262041125,43.48497697724469,0.23936297785189242,0.9999999999731779,1.2264424400145793e-12,4.571090846680635,0.04142653737987464,0.44550072649133915,0.007503720177461923,0.26172062148161457,0.005682367319168587,0.5536,0.40108474576271186,0.5989152542372882,0.07264329204283015,0.9138090824837812,0.12843355605048257,0.011480465495788923,0.0032950280811482966,0.0032950280811482966,0.0021713020850055655,0.46354601358704894,-0.04107726332445518
null,1.5,0.2,selective_base,2000,0.06035844883262097,0.0017030550640028323,0.07616293785071176,0.09716498881274305,0.0014194304847165238,0.804,0.00887648579112252,0.26178242653316647,0.0010740045560832822,0.1855,0.008691655480977141,0.1855,0.008691655480977141,0.1855,0.008691655480977141,0.951,0.004826955562256609,-0.053487133126532006,0.008600577971674687,5.712282413023138,0.18249166401485925,28.050080568474442,28.47686169268103,27.48430121243323,28.46171559672835,31.351827400114498,0.22803836058764615,0.9999999936700871,3.2303604021137793e-10,4.401517744941666,0.035902051182832184,0.4516069744237975,0.007587669567293362,0.26838586047516383,0.005991382442818733,0.5509333333333334,0.4045649717514124,0.5954350282485876,0.07271063560216795,0.9140202185234351,0.1284666086307673,0.011486938566460153,0.0032996637759427146,0.0032996637759427146,0.0021784892420681086,0.4712089282070342,-0.033401523848505414
null,1.5,0.2,selective_pro_fixdisc,2000,0.05168335465304721,0.0015591352929809647,0.06972665002448976,0.08677870688693463,0.001305648650845875,0.885,0.007133547504573023,0.2682216891113892,0.0009538741503479189,0.1085,0.006954414065900879,0.1085,0.006954414065900879,0.1085,0.006954414065900879,0.9475,0.004987171041783106,-0.05630048640076586,0.008554702708563702,5.7592215282932875,0.18206893543896258,15.372777777777776,15.543954802259883,14.879999999999987,15.15567990721947,16.061335378565097,0.09522127259518683,0.9999999999933777,6.781013282333047e-13,4.174518956944132,0.028002707567722173,0.44786459788930144,0.007502461154400082,0.2625039969500197,0.00572188034197124,0.5365333333333333,0.41401129943502823,0.5859887005649718,0.07200629876172071,0.9133512812842756,0.12697210652530608,0.01151614091740934,0.003311380433978818,0.003311380433978818,0.0021869759740299104,0.46643440932898006,-0.036695378710805845
null,1.5,0.2,selective_pro_sam,2000,0.018423697329295666,0.0015939350861762422,0.07128294408824126,0.07360808455672435,0.0012929947761219755,0.9305,0.005686376262612245,0.2603402869837297,0.001074231739861017,0.046,0.00468422885862764,0.046,0.00468422885862764,0.046,0.00468422885862764,0.858,0.00780499839846236,-0.06025225194434944,0.008544343221500224,5.718571866669233,0.18218477002056835,43.92219011101776,44.4112634788428,42.51425350228237,43.301919262041125,19.119878061717724,0.3709997731223995,0.4403958939054107,0.007918865978854672,3.132652811126902,0.0069536243104879915,0.44550072649133915,0.007503720177461923,0.26172062148161457,0.005682367319168587,0.5536,0.40108474576271186,0.5989152542372882,0.07264329204283015,0.9138090824837812,0.12843355605048257,0.011480465495788923,0.0032950280811482966,0.0032950280811482966,0.0021713020850055655,0.46354601358704894,-0.04107726332445518
null,1.5,0.2,robust_map_w0.5,2000,0.02790927852526723,0.001562898275779654,0.06989493573121039,0.0752448484459271,0.0012431658475824693,0.942,0.005226662414964259,0.2740815932415519,0.0010020069392466069,0.043,0.004536022486716748,0.043,0.004536022486716748,0.043,0.004536022486716748,0.867,0.00759312188760328,nan,nan,2.046776468054133,0.014792620496140404,nan,nan,nan,nan,2.987062949534308,0.031216367620026133,0.5,0.0,3.681575853384959,0.009777011534526554,0.5,0.0,0.30944445602980686,0.00705423332994302,1.0,0.0,1.0,0.078125,nan,0.14492753623188406,0.0,0.0,0.0,0.0017323092051627696,0.5,nan
null,1.5,0.2,robust_map_w0.9,2000,0.045649949817561444,0.001565254642296562,0.07000031564544461,0.08355544319021067,0.001289425859148944,0.9155,0.006219314672855845,0.278658274718398,0.0009630092933247398,0.078,0.005996498978570746,0.078,0.005996498978570746,0.078,0.005996498978570746,0.903,0.006617816860566631,nan,nan,2.046776468054133,0.014792620496140404,nan,nan,nan,nan,5.3767133091617545,0.05618946171604704,0.9000000000000002,4.9663100392403566e-18,4.075369055176762,0.020541328192301676,0.5,0.0,0.30944445602980686,0.00705423332994302,1.0,0.0,1.0,0.078125,nan,0.14492753623188406,0.0,0.0,0.0,0.0017323092051627696,0.5,nan
null,1.5,0.2,power_prior,2000,0.2765563311675129,0.0028895888701343134,0.12922634281294273,0.3052449872836651,0.0025283528211284927,0.056,0.005141206084179081,0.13740430337922402,0.0002856194587200438,0.936,0.00547284204047586,0.936,0.00547284204047586,0.936,0.00547284204047586,1.0,0.0,nan,nan,2.046776468054133,0.014792620496140404,nan,nan,nan,nan,155.9727,0.6084057537002487,1.0,0.0,10.188504866582832,0.15514448516309948,0.5,0.0,0.30944445602980686,0.00705423332994302,1.0,0.0,1.0,0.078125,nan,0.14492753623188406,0.0,0.0,0.0,0.0017323092051627696,0.5,nan
null,1.5,0.2,uip_dirichlet,2000,0.0683469941568618,0.0018301078748723778,0.08184491228744632,0.10661403276672454,0.001562201872544174,0.8535,0.007906887820122402,0.2943704007509386,0.001255660216698341,0.137,0.007688660481514319,0.137,0.007688660481514319,0.137,0.007688660481514319,0.89,0.006996427659884721,0.021683075044508726,0.009389364981842454,2.044027467179605,0.01682684931537179,nan,nan,nan,nan,29.23217570136036,0.4123994618907907,1.0,0.0,5.386554802784061,0.04634921251448953,0.5015015520820857,0.006923038485340139,0.3111090061398856,0.007070229944626285,0.9605333333333334,0.038282485875706214,0.9617175141242937,0.07803631006542744,0.9196525515743756,0.14434559589644944,0.004496460764580004,0.0012899776575980054,0.0012899776575980063,0.001765618123018846,0.50193022092012,0.02399120992495514
null,1.5,0.2,uip_js,2000,0.03382309072607676,0.0016232266622924622,0.07259290319552081,0.08006932118996325,0.0012979497412057561,0.895,0.006854742883580681,0.2497041167709637,0.0011197195205183779,0.081,0.006100778638829638,0.081,0.006100778638829638,0.081,0.006100778638829638,0.889,0.007024208140424086,0.40045281020164325,0.007056663071268284,2.077262591622027,0.06203097878340648,nan,nan,nan,nan,16.81796675768585,0.14499530124438692,1.0,0.0,3.386404166357712,0.03328188917329271,0.836217121632759,0.0057297811337826635,0.6395449468689341,0.009510559325570033,0.6346666666666667,0.6467344632768361,0.35326553672316385,0.13213413280035533,0.9543150593570762,0.21872989614925098,0.011120309081768998,0.003213453339205014,0.003213453339205014,0.0035683532597845266,0.856027686071878,0.4214663864767567
null,1.5,0.2,pooling,2000,0.3148246463312589,0.003292379157769779,0.14723967208953462,0.34753883123201845,0.0028521628628435506,0.0275,0.0036567574434189644,0.0800459400500626,0.00018716862147535846,0.9585,0.004459694496263168,0.9585,0.004459694496263168,0.9585,0.004459694496263168,1.0,0.0,nan,nan,2.046776468054133,0.014792620496140404,nan,nan,nan,nan,519.909,2.0280191790008293,1.0,0.0,11.37854761029362,0.182667668820307,0.5,0.0,0.30944445602980686,0.00705423332994302,1.0,0.0,1.0,0.078125,nan,0.14492753623188406,0.0,0.0,0.0,0.0017323092051627696,0.5,nan
alt,0.0,0.35,weak_only,2000,0.007148798628319559,0.0018106559293438107,0.08097499483751634,0.08126977689073346,0.0013493784264260477,0.9515,0.004803527349771207,0.31275408247809766,0.0008689956648336985,0.536,0.011151322791489806,0.029,0.003752265982043384,0.029,0.003752265982043384,0.536,0.011151322791489806,nan,nan,nan,nan,nan,nan,nan,nan,0.0,0.0,0.0,0.0,3.488019322854554,0.005273232498006062,0.5,0.0,0.3713947044427295,0.004952285647840358,0.0,1.0,0.0,nan,0.7883333333333333,nan,0.0,0.0,0.0,nan,0.5,nan
alt,0.0,0.35,eb_only,2000,-0.0018306988705439643,0.001741546472199308,0.07788432595625201,0.0778863704629988,0.001255917552614859,0.955,0.004635461142108735,0.3056316023779725,0.0008230044144633546,0.4975,0.011180200132376878,0.0215,0.003243281517229116,0.0215,0.003243281517229116,0.4975,0.011180200132376878,nan,nan,nan,nan,nan,nan,nan,nan,0.0,0.0,0.0,0.0,3.193220411669591,0.005668866327277355,0.5,0.0,0.3713947044427295,0.004952285647840358,0.0,1.0,0.0,nan,0.7883333333333333,nan,0.0,0.0,0.0,nan,0.5,nan
alt,0.0,0.35,rule,2000,0.00300875449784145,0.0016902945624079641,0.07559227087084937,0.07563323954011515,0.0012827740457248982,0.96,0.004381780460041331,0.2992305048811014,0.0008586122194186192,0.556,0.011109995499549044,0.022,0.003279939023823461,0.022,0.003279939023823461,0.556,0.011109995499549044,0.0904332341046192,0.007575705191522571,4.986275399643556,0.12448147031079043,nan,nan,nan,nan,12.999353062111663,0.06690717807181752,0.8000000000000003,5.545836415826458e-18,3.227934876136663,0.009020488335516092,0.5514992223428692,0.005609210219599797,0.42513992935259765,0.005540582027876865,0.7226377952755906,0.34698731501057084,0.6530126849894291,0.2290652689379758,0.8233007273639328,0.34786316687197955,0.006281337376323741,0.0034606449299976255,0.003460644929997626,0.003319524356116649,0.5744800533703596,0.1214983169935157
alt,0.0,0.35,rule_sam,2000,0.003089853447857882,0.0017151345783865495,0.07670315015665533,0.07674619698500817,0.0013023937035793276,0.9575,0.004510751046111944,0.29911976357947434,0.0008509396060516619,0.5555,0.011111249929688378,0.024,0.00342227994179319,0.024,0.00342227994179319,0.5555,0.011111249929688378,0.0904332341046192,0.007575705191522571,4.986275399643556,0.12448147031079043,nan,nan,nan,nan,12.348396384174691,0.07544635865097123,0.7612404258196875,0.002530107658523412,3.200506398714787,0.007816645843484505,0.5514992223428692,0.005609210219599797,0.42513992935259765,0.005540582027876865,0.7226377952755906,0.34698731501057084,0.6530126849894291,0.2290652689379758,0.8233007273639328,0.34786316687197955,0.006281337376323741,0.0034606449299976255,0.003460644929997626,0.003319524356116649,0.5744800533703596,0.1214983169935157
alt,0.0,0.35,two_head,2000,0.0021843697072285277,0.0016339974383417805,0.07307458694385485,0.07308896483330676,0.001286444676569762,0.9575,0.004510751046111944,0.2887701443053817,0.000993413982919459,0.588,0.011005816643938786,0.022,0.003279939023823461,0.022,0.003279939023823461,0.588,0.011005816643938786,0.11892816460558311,0.007545956543830374,5.042948105476629,0.12440377021178202,43.171201371089296,43.4172156124249,43.271651067383175,43.753600270378904,35.76647505179915,0.2159469504926042,0.8000000000000003,5.5391613846221586e-18,3.1781116292731615,0.011513796471006976,0.5829919880215535,0.005721362744222806,0.46063202948853715,0.005839919199878896,0.6547244094488189,0.4665433403805497,0.5334566596194503,0.24785751546314927,0.8342311690766469,0.3595870047029569,0.006670837301220379,0.003626895159098245,0.003626895159098245,0.0037272715100225445,0.6078508330421595,0.15250372601095374
alt,0.0,0.35,two_head_pro,2000,0.0022810825420016174,0.0016280337608863208,0.07280788318012904,0.07282541243829764,0.001283633792622218,0.9565,0.004561126505590477,0.28832905607008763,0.0009696349315659305,0.588,0.011005816643938786,0.0225,0.0033161536454151216,0.0225,0.0033161536454151216,0.588,0.011005816643938786,0.12601180873056575,0.007560035538595158,5.043143947441736,0.12429140224205006,33.75527472270086,31.809209990013354,27.34521800451655,23.15141359043092,31.88608114511256,0.20752230750266934,0.8000000000000003,5.437202328711743e-18,3.1660177094096706,0.011881875736804801,0.5881473117549851,0.005723264602448516,0.4648498026925393,0.005904011510159008,0.659251968503937,0.4735200845665962,0.5264799154334038,0.2516153268219384,0.8380729653882133,0.3642196846112017,0.006649829944655637,0.003629940783087657,0.003629940783087657,0.003761334527167355,0.6130541437939397,0.1600048427571904
alt,0.0,0.35,two_head_pro_sam,2000,0.0026795926167417815,0.0016608579555651517,0.07427582579230009,0.07430558568890527,0.0013146956375510873,0.9505,0.004850244839180801,0.2875288406758449,0.0009383788762792701,0.588,0.011005816643938786,0.027,0.0036242930345103167,0.027,0.0036242930345103167,0.588,0.011005816643938786,0.12601180873056575,0.007560035538595158,5.043143947441736,0.12429140224205006,nan,nan,nan,nan,29.186180322630662,0.24027665379685767,0.7344029505076233,0.003584659845298866,3.105515530428943,0.009373242176555377,0.5881473117549851,0.005723264602448516,0.4648498026925393,0.005904011510159008,0.659251968503937,0.4735200845665962,0.5264799154334038,0.2516153268219384,0.8380729653882133,0.3642196846112017,0.006649829944655637,0.003629940783087657,0.003629940783087657,0.003761334527167355,0.6130541437939397,0.1600048427571904
alt,0.0,0.35,two_head_pro_fixdisc,2000,0.0030935699016703014,0.0016628306091302277,0.07436404554165144,0.07440978724887384,0.0012680008250215383,0.9595,0.004407933189148855,0.2957405897371715,0.0008486643901924575,0.573,0.011060537961600241,0.021,0.0032061659345704488,0.021,0.0032061659345704488,0.573,0.011060537961600241,0.12791499562636227,0.0076117476996277805,5.0203422656108,0.12457984111783868,15.113742934896345,15.201164556962013,15.15153743315508,15.322656172162993,12.971941737301607,0.08162221194030532,0.8000000000000002,3.3152676969946423e-18,3.1717903353112367,0.009821106661574824,0.5861531639275039,0.005724304690290416,0.46499344980479407,0.005909926854351041,0.6622047244094488,0.47436575052854124,0.5256342494714588,0.25276128935306935,0.8394911607894491,0.3658709010821687,0.00663576606100522,0.0036302616203286848,0.0036302616203286848,0.003767144244328963,0.6105797181690038,0.16068694636968048
alt,0.0,0.35,selective_pro,2000,0.0009769384665938314,0.0016124825256214927,0.07211241079640408,0.0721009992978004,0.0012960518971106142,0.9565,0.004561126505590477,0.27914190763454316,0.0010376761400122856,0.6125,0.01089366214824014,0.02,0.0031304951684997056,0.02,0.0031304951684997056,0.6125,0.01089366214824014,0.12318572605742045,0.0075394295964856745,4.990929413548413,0.12441459970436533,43.182107418017836,43.431881792815894,43.29008254483609,43.778981230495894,43.184367521307365,0.23872131541536376,0.9999999999696936,1.3606852259252175e-12,3.1568629870891303,0.015394664480004778,0.5869790633163846,0.005717961863061793,0.4640425839793604,0.005885562934095871,0.6911417322834645,0.4247357293868922,0.5752642706131078,0.2439041333796457,0.8366475793857366,0.36056482670089857,0.0064823327156930295,0.0035936231515921995,0.0035936231515921995,0.0035792511854127462,0.6124752759319086,0.1577121364938503
alt,0.0,0.35,selective_base,2000,0.0017060730785585178,0.0016162832165951308,0.07228238286397458,0.0722844463657801,0.0012851053547645748,0.9575,0.004510751046111944,0.28392693291614524,0.0009726119370809645,0.599,0.010958991741944146,0.0205,0.00316857617866448,0.0205,0.00316857617866448,0.599,0.010958991741944146,0.11956290072464164,0.007539651752707237,4.990967740382908,0.12448103915672905,28.964855515198312,28.7658465882749,28.216109745406076,27.943841973045203,31.114686685524,0.22697040059532952,0.9999999926464822,4.646461802878378e-10,3.146573819179341,0.013690953469673858,0.5841650740801594,0.005713137036140077,0.46105781994173206,0.005846287253531219,0.6856299212598426,0.4304968287526427,0.5695031712473573,0.24428391078692663,0.8360706220488606,0.36022339435308715,0.006513788106673011,0.0035997512040126783,0.0035997512040126783,0.0035983007643759254,0.6082615148941679,0.15211592193209886
alt,0.0,0.35,selective_pro_fixdisc,2000,0.002641802214164456,0.0016359495490924077,0.07316188799061506,0.0731912880222974,0.0012556238118195092,0.9595,0.004407933189148855,0.2909061375469337,0.0008360923381112356,0.5855,0.011015664982196945,0.02,0.0031304951684997056,0.02,0.0031304951684997056,0.5855,0.011015664982196945,0.12628974813909316,0.0075804933293912935,4.985505565897129,0.12464121126420635,15.113742934896345,15.201164556962013,15.15153743315508,15.322656172162993,15.973723624783373,0.09536856513720335,0.9999999999911302,1.1556766471812192e-12,3.1326984954622588,0.011707122269535134,0.5859004137847647,0.005723684632909977,0.4641327328279565,0.005893637981921751,0.6826771653543308,0.44344608879492603,0.5565539112050739,0.24774967852550364,0.8388322335532894,0.3635601216060384,0.006530200182298174,0.0036117149587570063,0.0036117149587570063,0.0036488393788166006,0.6092361867234317,0.15783862890973915
alt,0.0,0.35,selective_pro_sam,2000,0.0001723045834414067,0.0016490937285326944,0.07374971356535379,0.07373147516302464,0.0012848722780157244,0.953,0.004732388403332932,0.2822877113892366,0.0009474715173045272,0.594,0.010980983562504773,0.023,0.003351939736928455,0.023,0.003351939736928455,0.594,0.010980983562504773,0.12318572605742045,0.0075394295964856745,4.990929413548413,0.12441459970436533,43.182107418017836,43.431881792815894,43.29008254483609,43.778981230495894,37.65010540078679,0.30852129047923177,0.8736792096527738,0.005149840012710933,3.011390545551167,0.008906158222250408,0.5869790633163846,0.005717961863061793,0.4640425839793604,0.005885562934095871,0.6911417322834645,0.4247357293868922,0.5752642706131078,0.2439041333796457,0.8366475793857366,0.36056482670089857,0.0064823327156930295,0.0035936231515921995,0.0035936231515921995,0.0035792511854127462,0.6124752759319086,0.1577121364938503
alt,0.0,0.35,robust_map_w0.5,2000,0.00937733558869104,0.0017143569413980702,0.07666837317329417,0.07722068924880109,0.0013096882879523478,0.9535,0.004708383480558906,0.30366328523153946,0.0008047466767894072,0.5745,0.011055535943589528,0.031,0.003875499967746097,0.031,0.003875499967746097,0.5745,0.011055535943589528,nan,nan,1.6690181828069393,0.012119488918383662,nan,nan,nan,nan,2.9070915895022202,0.033106809856911674,0.5,0.0,3.2445207496653303,0.007041043455138475,0.5,0.0,0.3713947044427295,0.004952285647840358,1.0,0.0,1.0,0.21166666666666667,nan,0.34938101788170567,0.0,0.0,0.0,0.0026367901010579202,0.5,nan
alt,0.0,0.35,robust_map_w0.9,2000,0.011575495030597502,0.0016495907473028802,0.07377194092047837,0.07465634737076514,0.001284365945859945,0.9575,0.004510751046111944,0.29491722503128914,0.0007515165551634496,0.614,0.01088586239119345,0.0315,0.0039056209493497957,0.0315,0.0039056209493497957,0.614,0.01088586239119345,nan,nan,1.6690181828069393,0.012119488918383662,nan,nan,nan,nan,5.2327648611039965,0.05959225774244103,0.9000000000000002,4.9663100392403566e-18,3.1101827361727796,0.00979529168620406,0.5,0.0,0.3713947044427295,0.004952285647840358,1.0,0.0,1.0,0.21166666666666667,nan,0.34938101788170567,0.0,0.0,0.0,0.0026367901010579202,0.5,nan
alt,0.0,0.35,power_prior,2000,0.04983571649004915,0.002746594158312387,0.12283142489180633,0.1325277850096256,0.0018964574930020338,0.3605,0.010736380907922371,0.1346376478097622,0.0003103033097996519,0.861,0.0077355995242773526,0.446,0.011114944894150398,0.446,0.011114944894150398,0.861,0.0077355995242773526,nan,nan,1.6690181828069393,0.012119488918383662,nan,nan,nan,nan,156.58709999999996,0.6070263851853193,1.0,0.0,3.92516707674729,0.058652471018480326,0.5,0.0,0.3713947044427295,0.004952285647840358,1.0,0.0,1.0,0.21166666666666667,nan,0.34938101788170567,0.0,0.0,0.0,0.0026367901010579202,0.5,nan
alt,0.0,0.35,uip_dirichlet,2000,0.018796240469368116,0.0018042555284371441,0.08068876020730519,0.0828294593822899,0.0013227349713987382,0.9075,0.006478570444164362,0.2677443127659575,0.0009887801042099014,0.6745,0.01047735057159013,0.065,0.005512485827646181,0.065,0.005512485827646181,0.6745,0.01047735057159013,0.04752486927977488,0.006918566228543693,1.6467101230398329,0.013283926238569787,nan,nan,nan,nan,28.358700283964346,0.36498957276525873,1.0,0.0,3.3855760600939635,0.026740490623795035,0.4965647234366294,0.004600992308014478,0.37133578505715276,0.004900788035073717,0.956496062992126,0.03937632135306554,0.9606236786469344,0.2109490318659373,0.7712215320910973,0.3456640819520524,0.0028620289205156376,0.0014139486840284686,0.001413948684028469,0.002688169291220976,0.49703870896472935,0.04202291362473192
alt,0.0,0.35,uip_js,2000,6.949233551644396e-06,0.0017893017881757452,0.08002000861245792,0.08000000141087822,0.0013413568066495177,0.907,0.006494266702253611,0.2607569745932416,0.0007847263253337012,0.625,0.010825317547305483,0.045,0.004635461142108733,0.045,0.004635461142108733,0.625,0.010825317547305483,0.3704536503195845,0.0058036540719230145,2.46258464097798,0.05042193103444425,nan,nan,nan,nan,14.893706189119806,0.10030072217660758,1.0,0.0,2.637341671489922,0.006512183059524583,0.7691209092800815,0.00418667316351654,0.5913818510850832,0.0060660787440076575,0.506496062992126,0.7653276955602537,0.2346723044397463,0.36689006131470125,0.8524165538352858,0.42553543372198793,0.0070145770769186044,0.0030810168104187185,0.0030810168104187185,0.005755136382782631,0.79379376560499,0.39912115327286213
alt,0.0,0.35,pooling,2000,0.056220978176529525,0.003117123469305523,0.13940199943254258,0.150279737071215,0.0021208332805093917,0.18,0.008590692637965813,0.07863633466833542,0.00020823582654701524,0.8805,0.0072532665055132246,0.546,0.011132924144177036,0.546,0.011132924144177036,0.8805,0.0072532665055132246,nan,nan,1.6690181828069393,0.012119488918383662,nan,nan,nan,nan,521.957,2.023421283951064,1.0,0.0,4.169905217051494,0.06874834103754517,0.5,0.0,0.3713947044427295,0.004952285647840358,1.0,0.0,1.0,0.21166666666666667,nan,0.34938101788170567,0.0,0.0,0.0,0.0026367901010579202,0.5,nan
alt,0.25,0.35,weak_only,2000,0.010776540231975645,0.0018192572944584417,0.08135965957942855,0.08205009646032385,0.0013071102078256946,0.9545,0.004659922209651143,0.31340288886107637,0.0008562141685250331,0.5515,0.01112087563998447,0.0255,0.003524893615415932,0.0255,0.003524893615415932,0.5515,0.01112087563998447,nan,nan,nan,nan,nan,nan,nan,nan,0.0,0.0,0.0,0.0,3.4877138632493696,0.005138625148965603,0.5,0.0,0.36857642079330605,0.005426647808480954,0.0,1.0,0.0,nan,0.8190416666666667,nan,0.0,0.0,0.0,nan,0.5,nan
alt,0.25,0.35,eb_only,2000,0.0016720447564692,0.0017497213458405741,0.07824991741963885,0.07824821905359793,0.0012259545493950655,0.959,0.00443390347211123,0.3063085633291614,0.0008120408534719514,0.518,0.011173092678394824,0.0165,0.0028484864401994267,0.0165,0.0028484864401994267,0.518,0.011173092678394824,nan,nan,nan,nan,nan,nan,nan,nan,0.0,0.0,0.0,0.0,3.1978103580886668,0.005542150880131734,0.5,0.0,0.36857642079330605,0.005426647808480954,0.0,1.0,0.0,nan,0.8190416666666667,nan,0.0,0.0,0.0,nan,0.5,nan
alt,0.25,0.35,rule,2000,0.011985874602381326,0.0017180646159727705,0.07683418542104371,0.07774446278208293,0.0012656504234267363,0.948,0.0049646752159632785,0.30078276007509386,0.0008187473409708485,0.5895,0.010999767042987774,0.0285,0.0037207358143249033,0.0285,0.0037207358143249033,0.5895,0.010999767042987774,0.06393445084489784,0.007867255793174807,5.147874299658857,0.13569221570294793,nan,nan,nan,nan,13.141847214579292,0.0670764760252278,0.8000000000000003,5.585995060670754e-18,3.27203360523658,0.009438045450655802,0.5337009331381021,0.006070468309975915,0.3939344698319515,0.005780648136568002,0.7068846419525674,0.34140509742076613,0.6585949025792339,0.19168331668331667,0.8405561122244489,0.3015865219313325,0.006907146151196256,0.0033820931456241027,0.0033820931456241023,0.0031103259149147873,0.5599530400796987,0.099606289425672
alt,0.25,0.35,rule_sam,2000,0.01122658377936985,0.0017509443483482452,0.07830461175451496,0.07908591909606615,0.0012823629260629418,0.946,0.005053909377897473,0.3007007989987485,0.0008136784942148461,0.586,0.01101371871803525,0.029,0.003752265982043384,0.029,0.003752265982043384,0.586,0.01101371871803525,0.06393445084489784,0.007867255793174807,5.147874299658857,0.13569221570294793,nan,nan,nan,nan,12.24838679476918,0.07855335911576497,0.746143093938382,0.0028667970059448916,3.2360967235581075,0.008042909548821734,0.5337009331381021,0.006070468309975915,0.3939344698319515,0.005780648136568002,0.7068846419525674,0.34140509742076613,0.6585949025792339,0.19168331668331667,0.8405561122244489,0.3015865219313325,0.006907146151196256,0.0033820931456241027,0.0033820931456241023,0.0031103259149147873,0.5599530400796987,0.099606289425672
alt,0.25,0.35,two_head,2000,0.01436915987845429,0.0016866474532558158,0.07542916719113807,0.07676709737335174,0.001265123668450069,0.946,0.005053909377897473,0.291583724155194,0.0009450640377390278,0.625,0.010825317547305483,0.0325,0.003965081966365891,0.0325,0.003965081966365891,0.625,0.010825317547305483,0.09022386812579829,0.007715216896563,5.22774846233408,0.1353332744204933,44.10027142554731,44.30871711789295,43.631027213710134,43.31629187849002,36.350375543524315,0.21466600767075272,0.8000000000000003,5.4722449517669824e-18,3.243152983645745,0.012157380031716448,0.5629430551627432,0.006106924830385119,0.4246950349318864,0.006085930086822017,0.6332028551692378,0.45795390954876125,0.5420460904512387,0.2051473330846699,0.8496460594620103,0.3098940725715574,0.007312897576129448,0.003553615003615911,0.003553615003615911,0.0034877299155273065,0.5915048040575784,0.12906861077996581
alt,0.25,0.35,two_head_pro,2000,0.014589258212868906,0.001684138338423046,0.07531695616454955,0.07669846164788113,0.0012624653483168473,0.9505,0.004850244839180801,0.2916681878598248,0.000924248635403283,0.6255,0.010822424635912231,0.0305,0.0038451105315712316,0.0305,0.0038451105315712316,0.6255,0.010822424635912231,0.09343674547581059,0.007722092216231028,5.231838253731231,0.13514622604642879,33.17280291035234,33.61482970883449,28.942096242920286,23.638457617167123,32.5482966806678,0.20989308038968943,0.8000000000000003,5.470836285707201e-18,3.234827414945117,0.012527215154493189,0.565456710876811,0.0060905343142479305,0.42569067508900815,0.0061431032277442284,0.6311305549159567,0.464567329704431,0.535432670295569,0.2066184230363335,0.8507546115148128,0.3113180759838719,0.007321516232751944,0.0035572807906288748,0.003557280790628875,0.0035152448494305817,0.5939810472247897,0.13238695308868834
alt,0.25,0.35,two_head_pro_sam,2000,0.013549351789678853,0.0017277992076928646,0.07726952959743046,0.0784294577823062,0.001288298533347064,0.9475,0.004987171041783106,0.29049695782227786,0.0008923635665206765,0.627,0.010813671901810226,0.0305,0.0038451105315712316,0.0305,0.0038451105315712316,0.627,0.010813671901810226,0.09343674547581059,0.007722092216231028,5.231838253731231,0.13514622604642879,nan,nan,nan,nan,29.019584130668022,0.2518401825964114,0.7147075553844062,0.004018283653551408,3.1554404792327357,0.00954373196909473,0.565456710876811,0.0060905343142479305,0.42569067508900815,0.0061431032277442284,0.6311305549159567,0.464567329704431,0.535432670295569,0.2066184230363335,0.8507546115148128,0.3113180759838719,0.007321516232751944,0.0035572807906288748,0.003557280790628875,0.0035152448494305817,0.5939810472247897,0.13238695308868834
alt,0.25,0.35,two_head_pro_fixdisc,2000,0.01284405196042745,0.0016899965237303996,0.0755789421759902,0.0766439174556834,0.001254599448935576,0.951,0.004826955562256609,0.2978659468085107,0.0008091595823094934,0.5995,0.01095672738549244,0.0285,0.0037207358143249033,0.0285,0.0037207358143249033,0.5995,0.01095672738549244,0.09723421230925733,0.007723268440072872,5.21026859763048,0.13541364564021824,15.440921476343798,15.512559374126859,15.276998952513965,15.169031531531546,13.196041853503479,0.08224117867655127,0.8000000000000003,5.414189115635329e-18,3.2263137152434798,0.010358727350945732,0.5653506002314125,0.006055507389077892,0.4231506519097434,0.005984971403907133,0.6332028551692378,0.46421122246527957,0.5357887775347204,0.207047131456106,0.8513715245381601,0.3120567375886525,0.007312897576129448,0.0035570994323896425,0.0035570994323896425,0.003515819400539946,0.5937122513984697,0.135658547511004
alt,0.25,0.35,selective_pro,2000,0.01559782136681056,0.0016786910496349736,0.0750733460040855,0.0766582109626878,0.0012692766716265688,0.9365,0.005452877680637995,0.2799408717146433,0.001004658498652271,0.669,0.010522333391410862,0.0415,0.004459694496263169,0.0415,0.004459694496263169,0.669,0.010522333391410862,0.09242944100093863,0.007694618370189225,5.163942705261357,0.13546345375533908,44.11690161516358,44.32158094888591,43.648544554543534,43.34005539444686,43.88055706820771,0.2412748787350549,0.9999999999702257,1.4652983616890909e-12,3.2404828465960462,0.016142624269595236,0.565767625383576,0.006089002281275095,0.4267013602621208,0.006142686829396147,0.6721160488141837,0.41812077122653507,0.5818792287734649,0.20331545587518285,0.8523281136575754,0.31219251336898396,0.0071233994447979804,0.003518104050054279,0.0035181040500542795,0.0033588958905005355,0.5948424030789833,0.13213028457172807
alt,0.25,0.35,selective_base,2000,0.014915261581662728,0.0016667097042075032,0.07453752394733089,0.07599690508836691,0.0012611134053917732,0.946,0.005053909377897473,0.2851963911138924,0.0009384493809007824,0.651,0.010658306619721539,0.036,0.004165573189850348,0.036,0.004165573189850348,0.651,0.010658306619721539,0.09186515775539544,0.007716771277627378,5.167064517452621,0.1355746974456819,29.418041644105998,29.428732697868753,28.393991071604802,27.60564445307752,31.42451649044938,0.22155464149052365,0.9999999922250793,6.994555281290979e-10,3.2221581165439,0.01439723143158142,0.5650715114866822,0.0061199262190826005,0.4267901771546247,0.00607777142151203,0.6635965922173612,0.4211731189906903,0.5788268810093097,0.20210378681626928,0.85,0.3098424985217438,0.007169474958141914,0.003521648850143055,0.003521648850143055,0.0033627971035736265,0.5928258691226121,0.13006052949180955
alt,0.25,0.35,selective_pro_fixdisc,2000,0.013656150142802422,0.0016653022280215324,0.07447457969876004,0.07569795391236853,0.0012473805738300616,0.9515,0.004803527349771207,0.2922650647058823,0.0008045049515998861,0.623,0.01083676612278774,0.029,0.003752265982043384,0.029,0.003752265982043384,0.623,0.01083676612278774,0.09724858288836012,0.007750925399257867,5.164141249339343,0.1356117991783066,15.440921476343798,15.512559374126859,15.276998952513965,15.169031531531546,16.24463337275371,0.09621629946480766,0.9999999999903932,1.7707905138890415e-12,3.197486351955104,0.012288190868179864,0.566299544606637,0.006092840318478546,0.4260023562117756,0.006032422732807902,0.6569191802901221,0.434247341913822,0.565752658086178,0.20416487762988408,0.8513863953720328,0.31151389419664793,0.007203760672274691,0.003535275528980553,0.003535275528980553,0.003409900431275608,0.5941535414168104,0.13497169416082372
alt,0.25,0.35,selective_pro_sam,2000,0.01067655670250996,0.0017359605107023577,0.07763451416371446,0.07834598326374603,0.0012622388164314105,0.939,0.005351588549206677,0.28527710087609515,0.0009056664449483653,0.626,0.010819519397829092,0.035,0.004109440351191388,0.035,0.004109440351191388,0.626,0.010819519397829092,0.09242944100093863,0.007694618370189225,5.163942705261357,0.13546345375533908,44.11690161516358,44.32158094888591,43.648544554543534,43.34005539444686,36.8421225645565,0.33285138937690506,0.8396235092966268,0.00578144012786653,3.0468585535539585,0.008748769495946858,0.565767625383576,0.006089002281275095,0.4267013602621208,0.006142686829396147,0.6721160488141837,0.41812077122653507,0.5818792287734649,0.20331545587518285,0.8523281136575754,0.31219251336898396,0.0071233994447979804,0.003518104050054279,0.0035181040500542795,0.0033588958905005355,0.5948424030789833,0.13213028457172807
alt,0.25,0.35,robust_map_w0.5,2000,0.015509207840971416,0.0017392518986925711,0.07778170950944334,0.07929378831219235,0.001275658627745924,0.9575,0.004510751046111944,0.3056722700876095,0.0007873873698238008,0.6035,0.01093818426431005,0.029,0.003752265982043384,0.029,0.003752265982043384,0.6035,0.01093818426431005,nan,nan,1.7663645793546643,0.012954309213977036,nan,nan,nan,nan,2.922871111268342,0.03322709766440214,0.5,0.0,3.2811227656254602,0.007406904669569198,0.5,0.0,0.36857642079330605,0.005426647808480954,1.0,0.0,1.0,0.18095833333333333,nan,0.3064601488903786,0.0,0.0,0.0,0.002485058809922443,0.5,nan
alt,0.25,0.35,robust_map_w0.9,2000,0.01988352346632177,0.001674193549330622,0.07487221167589837,0.0774493361019685,0.001253160254137161,0.9545,0.004659922209651143,0.29705634655819774,0.0007356203720932092,0.654,0.010636822833910509,0.0325,0.003965081966365891,0.0325,0.003965081966365891,0.654,0.010636822833910509,nan,nan,1.7663645793546643,0.012954309213977036,nan,nan,nan,nan,5.261168000283015,0.059808775795923856,0.9000000000000002,4.9663100392403566e-18,3.1758726248611246,0.010885876805333759,0.5,0.0,0.36857642079330605,0.005426647808480954,1.0,0.0,1.0,0.18095833333333333,nan,0.3064601488903786,0.0,0.0,0.0,0.002485058809922443,0.5,nan
alt,0.25,0.35,power_prior,2000,0.0773411709835634,0.00286173762022545,0.12798079705185167,0.14950769746380627,0.002012919016333318,0.3155,0.010391336535787877,0.13548541314142679,0.000305807295589726,0.896,0.0068258332824644935,0.538,0.011148004305704227,0.538,0.011148004305704227,0.896,0.0068258332824644935,nan,nan,1.7663645793546643,0.012954309213977036,nan,nan,nan,nan,157.2867,0.6126706694706503,1.0,0.0,4.274902416446071,0.06483195432099781,0.5,0.0,0.36857642079330605,0.005426647808480954,1.0,0.0,1.0,0.18095833333333333,nan,0.3064601488903786,0.0,0.0,0.0,0.002485058809922443,0.5,nan
alt,0.25,0.35,uip_dirichlet,2000,0.031793854780685984,0.0018687596580732374,0.08357347258122046,0.08939732802740648,0.0014492227267880295,0.878,0.007318333143551201,0.2733589593241552,0.0010270308401035787,0.7245,0.009989988738732391,0.0945,0.0065410148295199574,0.0945,0.0065410148295199574,0.7245,0.009989988738732391,0.05018936608146372,0.006795857297051875,1.7455840140116097,0.014196302674019367,nan,nan,nan,nan,28.58917252327028,0.3795133545848287,1.0,0.0,3.531702177745272,0.028693022988317194,0.5042724216576482,0.004723554479197305,0.3664464212864532,0.005314121148051411,0.9622380842735436,0.0379508572009971,0.9620491427990029,0.18098744045041143,0.8197802197802198,0.30466955856085737,0.0028924999862035465,0.0013628586173413616,0.0013628586173413618,0.0025337136639110355,0.5045410965665037,0.04630554406463668
alt,0.25,0.35,uip_js,2000,0.0077417130157778225,0.0017865488671073009,0.07989689423954326,0.08025120605130406,0.0013000384446063655,0.896,0.0068258332824644935,0.26282164292866084,0.0007749574062027833,0.6595,0.010596219844831457,0.0555,0.005119558086397693,0.0555,0.005119558086397693,0.6595,0.010596219844831457,0.3653517716694328,0.005890602734563698,2.452866572937644,0.053337339264596446,nan,nan,nan,nan,14.978459617179329,0.10257649653260363,1.0,0.0,2.6703139420304423,0.00755466416420274,0.7753531657206613,0.0043847728459994965,0.5871677843466921,0.006533699800845239,0.531429887174764,0.7564226484204101,0.24357735157958993,0.32525366403607664,0.8796142924751538,0.40353177725325645,0.0075720829864336595,0.003061555206375351,0.003061555206375351,0.005561277456030357,0.8017392207153969,0.3959144160979213
alt,0.25,0.35,pooling,2000,0.08726683998456644,0.003254897871184421,0.1455634579957544,0.169686850711603,0.002251843380612402,0.1615,0.008228540271518394,0.07905802753441801,0.0002052546311668596,0.9115,0.006350895606133045,0.6235,0.01083392241988099,0.6235,0.01083392241988099,0.9115,0.006350895606133045,nan,nan,1.7663645793546643,0.012954309213977036,nan,nan,nan,nan,524.289,2.0422355649021675,1.0,0.0,4.579742418222506,0.07646918601277079,0.5,0.0,0.36857642079330605,0.005426647808480954,1.0,0.0,1.0,0.18095833333333333,nan,0.3064601488903786,0.0,0.0,0.0,0.002485058809922443,0.5,nan
alt,0.5,0.35,weak_only,2000,0.009167213141282325,0.001823466548309904,0.08154790313435699,0.08204129004431467,0.0013586127331268487,0.949,0.004919298730510276,0.31389966057571966,0.0008475919688555489,0.5445,0.01113597211742199,0.0235,0.0033873108803297047,0.0235,0.0033873108803297047,0.5445,0.01113597211742199,nan,nan,nan,nan,nan,nan,nan,nan,0.0,0.0,0.0,0.0,3.481094736409581,0.005209456205973329,0.5,0.0,0.3346610989451715,0.0061439490313635395,0.0,1.0,0.0,nan,0.8762916666666667,nan,0.0,0.0,0.0,nan,0.5,nan
alt,0.5,0.35,eb_only,2000,8.178558474647874e-05,0.001752970617032327,0.07839522924488068,0.07837567065904501,0.0012735415065807322,0.9525,0.00475624589355933,0.30673025619524413,0.0008044684009313781,0.5145,0.011175637565705145,0.017,0.002890588175441116,0.017,0.002890588175441116,0.5145,0.011175637565705145,nan,nan,nan,nan,nan,nan,nan,nan,0.0,0.0,0.0,0.0,3.1892402512464924,0.005631577089756637,0.5,0.0,0.3346610989451715,0.0061439490313635395,0.0,1.0,0.0,nan,0.8762916666666667,nan,0.0,0.0,0.0,nan,0.5,nan
alt,0.5,0.35,rule,2000,0.016041696753516733,0.0017488888491040777,0.0782126870337618,0.07982168775192892,0.001268033496024511,0.9545,0.004659922209651143,0.3045291946182729,0.0008201359650404218,0.6085,0.010913930318634071,0.0315,0.0039056209493497957,0.0315,0.0039056209493497957,0.6085,0.010913930318634071,0.020706965704140008,0.008351720618496306,5.3617161198381265,0.15532161488023233,nan,nan,nan,nan,13.173326708582266,0.06675696236377898,0.8000000000000003,5.579091779330642e-18,3.348649150123795,0.009762623595824685,0.5045268940159322,0.006925801637956821,0.3372413488615625,0.00617843783372231,0.6763219939373526,0.3302743569017165,0.6697256430982834,0.12477474678431616,0.8784621221702289,0.21068093589340048,0.008586738787751682,0.003243067067356144,0.0032430670673561446,0.002604982217315035,0.5074817866130323,0.026863157380637596
alt,0.5,0.35,rule_sam,2000,0.013868915681432354,0.0017965944246289085,0.08034614522934724,0.0815145516080867,0.0012986581877375972,0.9485,0.004942051699446293,0.30405494655819776,0.0008132838247640561,0.5995,0.01095672738549244,0.032,0.0039354796403996304,0.032,0.0039354796403996304,0.5995,0.01095672738549244,0.020706965704140008,0.008351720618496306,5.3617161198381265,0.15532161488023233,nan,nan,nan,nan,11.90732870381856,0.08536480778133479,0.7236478608032133,0.0035775868736594406,3.287223982979786,0.00769352311937703,0.5045268940159322,0.006925801637956821,0.3372413488615625,0.00617843783372231,0.6763219939373526,0.3302743569017165,0.6697256430982834,0.12477474678431616,0.8784621221702289,0.21068093589340048,0.008586738787751682,0.003243067067356144,0.0032430670673561446,0.002604982217315035,0.5074817866130323,0.026863157380637596
alt,0.5,0.35,two_head,2000,0.02098107102904033,0.0017504306998111004,0.07828164069360298,0.08102565398423608,0.0012745663827315563,0.943,0.005184158562389852,0.297977313767209,0.000969598356568487,0.6345,0.010768234534964402,0.043,0.004536022486716748,0.043,0.004536022486716748,0.6345,0.010768234534964402,0.0336209809658048,0.008426617489339157,5.52150787997441,0.15445718953762974,43.465251570252015,44.08448244655617,44.12125226485191,43.73888091343271,36.2938670197551,0.2097857318347399,0.8000000000000003,5.418173695243105e-18,3.3473021838919568,0.012600226518778792,0.5199958792647972,0.007073158356198872,0.35251951227678646,0.006463907634950931,0.5911081172111822,0.44149113213827207,0.5585088678617279,0.12999037108362343,0.8843699399942851,0.21311475409836064,0.009022618764503092,0.0034240970635984187,0.0034240970635984187,0.0028942407419856823,0.5245235568817282,0.04159399235672002
alt,0.5,0.35,two_head_pro,2000,0.02118888507525573,0.0017500765138383399,0.07826580101536759,0.081064429261577,0.0012686842519919889,0.941,0.005268728499363013,0.2983057837296621,0.0009580266245155305,0.6285,0.010804807957571482,0.045,0.004635461142108733,0.045,0.004635461142108733,0.6285,0.010804807957571482,0.03588090596463793,0.008402692822949785,5.522998732526025,0.15425629586299605,29.665949517431617,30.513897746647174,31.286120527712743,25.128207251096292,32.4133494382039,0.2044142596261276,0.8000000000000003,5.471963247566041e-18,3.3433183315843715,0.012902868348609065,0.5212684321153204,0.00703623395846723,0.3528208865590155,0.006496132545241592,0.5938026271471876,0.4462935666397223,0.5537064333602777,0.13148866348448687,0.8861404833836858,0.21530194785369727,0.009013314262693571,0.003427836795288226,0.003427836795288226,0.0029184341640398864,0.5260713776674916,0.04393198237762694
alt,0.5,0.35,two_head_pro_sam,2000,0.01776252591140358,0.0018068985554496278,0.08080695996863083,0.08271642656531714,0.0012959832646880468,0.932,0.005629209535982825,0.29599898610763453,0.0009063653261408192,0.622,0.01084241670477574,0.046,0.00468422885862764,0.046,0.00468422885862764,0.622,0.01084241670477574,0.03588090596463793,0.008402692822949785,5.522998732526025,0.15425629586299605,nan,nan,nan,nan,27.598453757695506,0.25511704460742923,0.6840905319027946,0.004615097258171658,3.2287669233861216,0.009307153315168785,0.5212684321153204,0.00703623395846723,0.3528208865590155,0.006496132545241592,0.5938026271471876,0.4462935666397223,0.5537064333602777,0.13148866348448687,0.8861404833836858,0.21530194785369727,0.009013314262693571,0.003427836795288226,0.003427836795288226,0.0029184341640398864,0.5260713776674916,0.04393198237762694
alt,0.5,0.35,two_head_pro_fixdisc,2000,0.01808268858067187,0.001730202532971704,0.07737700957134103,0.07944300872766502,0.0012596039007213998,0.9555,0.004610843198374891,0.30229059361702126,0.0008215775157033549,0.6195,0.010856328799368596,0.0315,0.0039056209493497957,0.0315,0.0039056209493497957,0.6195,0.010856328799368596,0.03742120223899998,0.008480507354073175,5.51152237051051,0.15453246225055212,15.218635261517163,15.435934520025443,15.447877632233434,15.316605227882018,13.17839311777179,0.0797862110637661,0.8000000000000003,5.552781040771386e-18,3.3139531620754292,0.010699607798405363,0.5207897320344279,0.0070748539585606405,0.354290106397666,0.006524600036704696,0.5890872347591781,0.4482906186106224,0.5517093813893776,0.13099161174355903,0.8854244928625093,0.21432510262851545,0.009029413121270485,0.0034292965927887786,0.003429296592788778,0.002919850162212284,0.5247961537235478,0.04465751896371657
alt,0.5,0.35,selective_pro,2000,0.02626671978405322,0.0017116865797917953,0.07654895097177145,0.08091200524115814,0.0012403738388561555,0.925,0.0058896094946948715,0.28394757959949934,0.0009952843932143102,0.6995,0.010251823008616564,0.0615,0.005372045699731156,0.0615,0.005372045699731156,0.6995,0.010251823008616564,0.034045039115647026,0.008393538834177419,5.433378454672542,0.15471234329436384,43.48179358816931,44.10264908834922,44.13677305213322,43.76169559138035,43.78799112500059,0.23441178581566313,0.9999999999711942,1.437338630734544e-12,3.3921946265520218,0.018660560963316367,0.5208335161747467,0.007039969230973728,0.35134014880472497,0.006432243441274496,0.6348939036712697,0.39964813846227,0.60035186153773,0.1299014540693267,0.8857624617978712,0.21567505720823796,0.008835986058742305,0.003377628389623632,0.003377628389623632,0.002790888952774075,0.5257728771889945,0.04241349830555831
alt,0.5,0.35,selective_base,2000,0.02425410247475936,0.0017000623362885092,0.07602909899856429,0.07978593340584761,0.0012381799631069614,0.937,0.00543281694887652,0.28889527571964957,0.0009259864642602393,0.6855,0.010382431073693675,0.0505,0.00489641450451246,0.0505,0.00489641450451246,0.6855,0.010382431073693675,0.032953564833753356,0.008428958389961489,5.439088193161818,0.15478589028685258,28.693107432358563,28.76921856454682,29.017369947207957,27.996011187092396,31.30228563383453,0.21627548483351508,0.9999999933328807,3.16674779247163e-10,3.3542090429035034,0.01645008053467315,0.5195365029700248,0.007082936952012963,0.352784187371604,0.0064706997563668475,0.627484001347255,0.4047834149588702,0.5952165850411297,0.12954592865586537,0.885019232768479,0.2147550432276657,0.008872963490565886,0.0033846900540626355,0.003384690054062636,0.0028002078685562468,0.5252402436345878,0.04205204209888023
alt,0.5,0.35,selective_pro_fixdisc,2000,0.02117884276868216,0.0016838259060141967,0.07530298376245832,0.07820644138987438,0.0012212336928145166,0.9525,0.00475624589355933,0.29556728272841054,0.0008013851033412786,0.656,0.010622240818207805,0.036,0.004165573189850348,0.036,0.004165573189850348,0.656,0.010622240818207805,0.03651077477629919,0.008448175978496852,5.450734604460794,0.15479919047816135,15.218635261517163,15.435934520025443,15.447877632233434,15.316605227882018,16.209616292391114,0.09293174056495676,0.9999999999923855,7.150430541783591e-13,3.3121049988352644,0.013799604483652925,0.5206734810385801,0.0070707149141952755,0.3538608385559158,0.006508599979298796,0.6187268440552375,0.41681327564072085,0.5831867243592792,0.13026521060842433,0.8856334613053142,0.21521879210356745,0.008913791988008495,0.00339973154037777,0.00339973154037777,0.0028344401352418743,0.5248825840190344,0.04383617918574591
alt,0.5,0.35,selective_pro_sam,2000,0.014575875153232071,0.0018275927576785736,0.08173243282711183,0.08300184707000824,0.001264477716684645,0.9265,0.005835141386461857,0.29097058022528166,0.0009186460992221938,0.6155,0.01087795362189047,0.0485,0.004803527349771208,0.0485,0.004803527349771208,0.6155,0.01087795362189047,0.034045039115647026,0.008393538834177419,5.433378454672542,0.15471234329436384,43.48179358816931,44.10264908834922,44.13677305213322,43.76169559138035,34.34387068679013,0.3396141006704293,0.785839973177447,0.006426677386029114,3.1020090374494584,0.008428474211572572,0.5208335161747467,0.007039969230973728,0.35134014880472497,0.006432243441274496,0.6348939036712697,0.39964813846227,0.60035186153773,0.1299014540693267,0.8857624617978712,0.21567505720823796,0.008835986058742305,0.003377628389623632,0.003377628389623632,0.002790888952774075,0.5257728771889945,0.04241349830555831
alt,0.5,0.35,robust_map_w0.5,2000,0.016739497955809823,0.0017570558066996884,0.07857792448082468,0.08032193823868351,0.0013093933794201108,0.958,0.00448530935387962,0.30858282678347937,0.0007981086035041084,0.6025,0.010942891528293607,0.028,0.0036889022757454555,0.028,0.0036889022757454555,0.6025,0.010942891528293607,nan,nan,1.9449332518448215,0.013423143139284593,nan,nan,nan,nan,2.920414107017481,0.031249709445143593,0.5,0.0,3.334527893162877,0.007575117420921704,0.5,0.0,0.3346610989451715,0.0061439490313635395,1.0,0.0,1.0,0.12370833333333334,nan,0.22017872371982647,0.0,0.0,0.0,0.0021252899958713696,0.5,nan
alt,0.5,0.35,robust_map_w0.9,2000,0.02447231732069094,0.0016857997504438455,0.0753912567688924,0.07924578216813219,0.0012686978713238209,0.953,0.004732388403332932,0.3003591902377973,0.0007566392568837093,0.666,0.010546184144039966,0.038,0.004275277768753745,0.038,0.004275277768753745,0.666,0.010546184144039966,nan,nan,1.9449332518448215,0.013423143139284593,nan,nan,nan,nan,5.256745392631466,0.05624947700125847,0.9000000000000002,4.9663100392403566e-18,3.282076076076012,0.012165296266502788,0.5,0.0,0.3346610989451715,0.0061439490313635395,1.0,0.0,1.0,0.12370833333333334,nan,0.22017872371982647,0.0,0.0,0.0,0.0021252899958713696,0.5,nan
alt,0.5,0.35,power_prior,2000,0.11377032613760073,0.002987504167435686,0.13360524802900217,0.17545690134388212,0.0021426883470142266,0.2485,0.00966301583357908,0.1361661280350438,0.0002900854141892388,0.917,0.006168914004912047,0.6415,0.010723286576418632,0.6415,0.010723286576418632,0.917,0.006168914004912047,nan,nan,1.9449332518448215,0.013423143139284593,nan,nan,nan,nan,157.9212,0.6157864863557735,1.0,0.0,4.928391125009228,0.07652901773434988,0.5,0.0,0.3346610989451715,0.0061439490313635395,1.0,0.0,1.0,0.12370833333333334,nan,0.22017872371982647,0.0,0.0,0.0,0.0021252899958713696,0.5,nan
alt,0.5,0.35,uip_dirichlet,2000,0.044018686276138655,0.0019038248933688853,0.08514163757658233,0.09582858989609835,0.0014709418858308875,0.887,0.007079230184137255,0.28413903066332913,0.0011224782807518123,0.748,0.009708140913686821,0.097,0.006617816860566633,0.097,0.006617816860566633,0.748,0.009708140913686821,0.03191426583514281,0.007624371528868011,1.9388407385185016,0.015097612515626618,nan,nan,nan,nan,28.899846901349584,0.388195412962441,1.0,0.0,3.8188922762923463,0.03239449168136559,0.501048813427261,0.005550265972858979,0.3331686530837243,0.005931645383614764,0.9585719097339171,0.03789643859065189,0.962103561409348,0.1233102253032929,0.866304347826087,0.21851126722714884,0.0036572504936247217,0.001316679726076235,0.0013166797260762359,0.0021642359857543193,0.5046640189943451,0.03305778057173108
alt,0.5,0.35,uip_js,2000,0.011211339445370826,0.0017854920835229655,0.07984963344090167,0.08061308895474337,0.00131304200727832,0.9095,0.006415206543830059,0.2660612952440551,0.000808371012335553,0.67,0.01051427600931229,0.057,0.00518415856238985,0.057,0.00518415856238985,0.67,0.01051427600931229,0.3510345773241388,0.006438815468631595,2.5170971485206786,0.05835780014517764,nan,nan,nan,nan,15.009614400478812,0.10341186626678216,1.0,0.0,2.7324082426837473,0.010976184993409565,0.7836152864861317,0.005123861267500436,0.5707568592743627,0.007648497337453831,0.5362074772650725,0.7362940421282869,0.26370595787171314,0.2230316615298403,0.9183370893132488,0.31502918769169885,0.009152151601989907,0.0030384748949680057,0.0030384748949680057,0.0049271598129663275,0.8083674108071228,0.37526093360644186
alt,0.5,0.35,pooling,2000,0.1288656134311832,0.003394471954791952,0.15180540077262797,0.19909722144942524,0.0023995708890568457,0.116,0.0071604469134265636,0.07928326408010013,0.0001941442669476373,0.9305,0.005686376262612245,0.721,0.010028933143659899,0.721,0.010028933143659899,0.9305,0.005686376262612245,nan,nan,1.9449332518448215,0.013423143139284593,nan,nan,nan,nan,526.404,2.052621621185912,1.0,0.0,5.321485056374064,0.08949518445078967,0.5,0.0,0.3346610989451715,0.0061439490313635395,1.0,0.0,1.0,0.12370833333333334,nan,0.22017872371982647,0.0,0.0,0.0,0.0021252899958713696,0.5,nan
alt,0.75,0.35,weak_only,2000,0.009489667284863132,0.0017622523712913026,0.07881032191435103,0.07936003460181276,0.0013263764930773864,0.9585,0.004459694496263168,0.315038356445557,0.0008457972472686055,0.558,0.011104863799254811,0.0245,0.003456859123539749,0.0245,0.003456859123539749,0.558,0.011104863799254811,nan,nan,nan,nan,nan,nan,nan,nan,0.0,0.0,0.0,0.0,3.476350152762774,0.005177131356291112,0.5,0.0,0.3145650793353329,0.006978506320141725,0.0,1.0,0.0,nan,0.917375,nan,0.0,0.0,0.0,nan,0.5,nan
alt,0.75,0.35,eb_only,2000,0.0003473914647907224,0.0016939951584499485,0.07575776655699225,0.07573962143380894,0.0012433805184878517,0.964,0.0041655731898503495,0.3078126429286608,0.0008010004757652945,0.5205,0.011170938859379725,0.0175,0.002932042803234632,0.0175,0.002932042803234632,0.5205,0.011170938859379725,nan,nan,nan,nan,nan,nan,nan,nan,0.0,0.0,0.0,0.0,3.1840188444763338,0.005570438369747156,0.5,0.0,0.3145650793353329,0.006978506320141725,0.0,1.0,0.0,nan,0.917375,nan,0.0,0.0,0.0,nan,0.5,nan
alt,0.75,0.35,rule,2000,0.022102103463914988,0.0017312602357107167,0.07742431147582943,0.08049863180844817,0.0013065171999281746,0.9535,0.004708383480558906,0.3098979579474343,0.0008308626600035132,0.631,0.010789786837560785,0.0395,0.00435544199823623,0.0395,0.00435544199823623,0.631,0.010789786837560785,-0.03861539902484363,0.00880943259352842,5.883895748459204,0.187904243213076,nan,nan,nan,nan,13.132062443065035,0.06773397703989623,0.8000000000000003,5.566090432178166e-18,3.469140712830613,0.010916585341016747,0.4624577055340042,0.007875678339145436,0.2818685164585752,0.006482382580031466,0.6248108925869894,0.3290639051641913,0.6709360948358087,0.07738429829492224,0.9068719489297784,0.13771257085695232,0.010872716135965865,0.0031666614181984514,0.003166661418198451,0.002111677616055968,0.4733106658725148,-0.025103129267135562
alt,0.75,0.35,rule_sam,2000,0.017900136554594704,0.0017851736314281213,0.07983539183026869,0.08179803073712304,0.0013191343009229224,0.949,0.004919298730510276,0.30886061852315394,0.0008310416302377392,0.613,0.010891074327172687,0.0385,0.004302194207610809,0.0385,0.004302194207610809,0.613,0.010891074327172687,-0.03861539902484363,0.00880943259352842,5.883895748459204,0.187904243213076,nan,nan,nan,nan,11.103165068549457,0.0910940191714214,0.6796917706710505,0.004384763865558378,3.363458589768853,0.007664852562513078,0.4624577055340042,0.007875678339145436,0.2818685164585752,0.006482382580031466,0.6248108925869894,0.3290639051641913,0.6709360948358087,0.07738429829492224,0.9068719489297784,0.13771257085695232,0.010872716135965865,0.0031666614181984514,0.003166661418198451,0.002111677616055968,0.4733106658725148,-0.025103129267135562
alt,0.75,0.35,two_head,2000,0.028953660596998786,0.0017849063082384143,0.07982343677378576,0.08489351936287942,0.001321783289517759,0.93,0.005705260730238364,0.30708250112640806,0.000996261959240767,0.649,0.010672370870617268,0.059,0.0052687284993630104,0.059,0.0052687284993630104,0.649,0.010672370870617268,-0.046947879111205224,0.008687183170864417,6.167260308699839,0.18524627615301056,42.461900421610295,43.28115362273288,43.912384782690935,43.78339966593949,36.10053363868759,0.22144927922635524,0.8000000000000003,5.507624398938394e-18,3.5166548032856673,0.013716797699728254,0.4563672842108989,0.007761288571211113,0.2793192075509639,0.006583704414389796,0.5002521432173475,0.4377980651314893,0.5622019348685108,0.07419596110695587,0.9067732831608655,0.1292255585227643,0.011228159983412705,0.0033435206952996508,0.0033435206952996508,0.0022666473890122396,0.4666929374557412,-0.03420233645191357
alt,0.75,0.35,two_head_pro,2000,0.029264263424137058,0.0017845501067179107,0.07980750695751505,0.0849850025677926,0.001324647737332332,0.9325,0.005609979946488223,0.3077782317897372,0.0009746365183989497,0.654,0.010636822833910509,0.0575,0.005205465877325487,0.0575,0.005205465877325487,0.654,0.010636822833910509,-0.05047861557223642,0.008537453630058147,6.177405603522032,0.1848574512985934,24.525569359042034,27.36336230605274,31.36451266893569,26.59493034732378,32.248540230324856,0.21832049881175777,0.8000000000000003,5.477875993544749e-18,3.5181174454262467,0.013881024960580088,0.45257524872514043,0.00763428236572572,0.27272717872841556,0.00630648155367614,0.4952092788703984,0.44252168778671025,0.5574783122132898,0.07407966203983102,0.9068317200297841,0.1288798477590393,0.011227646004005241,0.003347358265721079,0.0033473582657210788,0.002274731073520965,0.4635405314930055,-0.036800955190343876
alt,0.75,0.35,two_head_pro_sam,2000,0.022701109650269283,0.0018454559575618692,0.08253129941180613,0.08557657421434584,0.001326250471821309,0.9275,0.005798437289477226,0.30380343241551944,0.0009146068912575058,0.633,0.010777546102893738,0.0555,0.005119558086397693,0.0555,0.005119558086397693,0.633,0.010777546102893738,-0.05047861557223642,0.008537453630058147,6.177405603522032,0.1848574512985934,nan,nan,nan,nan,25.081128167980808,0.2789665878244229,0.6261515762968165,0.005390367081122695,3.3344142868692432,0.00893611096064207,0.45257524872514043,0.00763428236572572,0.27272717872841556,0.00630648155367614,0.4952092788703984,0.44252168778671025,0.5574783122132898,0.07407966203983102,0.9068317200297841,0.1288798477590393,0.011227646004005241,0.003347358265721079,0.0033473582657210788,0.002274731073520965,0.4635405314930055,-0.036800955190343876
alt,0.75,0.35,two_head_pro_fixdisc,2000,0.02507317621639861,0.0017260580288629107,0.07719166171293525,0.08114331474165822,0.001306121474500697,0.948,0.0049646752159632785,0.30876989824780976,0.0008306807727618087,0.65,0.01066536450385077,0.0445,0.004610843198374892,0.0445,0.004610843198374892,0.65,0.01066536450385077,-0.05009859109889205,0.00863589429603163,6.17904393717626,0.18504883225689553,14.869285714285697,15.15434412265755,15.374547647768388,15.331179350565206,13.099083133304191,0.08441338839713236,0.8000000000000003,5.438903137573126e-18,3.455788088000988,0.011765784268223872,0.4517558118288637,0.007682379833677949,0.2754558853844568,0.006513889599613127,0.49319213313161875,0.44252168778671025,0.5574783122132898,0.0738001811047389,0.9064942314849275,0.12838857893009517,0.011227120578512962,0.003347358265721079,0.0033473582657210788,0.0022711213818825465,0.461972240802536,-0.03765676189787495
alt,0.75,0.35,selective_pro,2000,0.04046490647337568,0.0017658518709271333,0.07897129643176509,0.08871728176168778,0.0013379115829849708,0.883,0.007187176079657434,0.2888658698372967,0.0010657251875325277,0.7475,0.009714518773464798,0.105,0.006854742883580682,0.105,0.006854742883580682,0.7475,0.009714518773464798,-0.04872313392819776,0.00862778263530206,6.041442350235565,0.1860724225570054,42.48364450677768,43.29810041185739,43.92725850163207,43.80333971394079,43.55858455755715,0.24616736866089065,0.9999999999739871,1.1063680612071657e-12,3.6437802255367417,0.022094564920092565,0.4551593613417207,0.007717776833964688,0.2759790556565448,0.006393308447363,0.5486636409480585,0.3969205613843848,0.6030794386156152,0.07573437282472505,0.9070998546813369,0.13309682549391402,0.011174854933217526,0.0032973115829567252,0.0032973115829567252,0.002207379407307515,0.46443103739110686,-0.03699899446962091
alt,0.75,0.35,selective_base,2000,0.03689152367337333,0.0017280682310000595,0.07728156068547885,0.08561797662357729,0.0013211064736283187,0.911,0.006367063687446513,0.2939931295369212,0.000977869556451012,0.733,0.009892193892155572,0.08,0.00606630035524124,0.08,0.00606630035524124,0.733,0.009892193892155572,-0.04667045437388984,0.008696617737722843,6.045585290458064,0.18613312156578202,27.2731904485004,27.97974184980934,28.93363363555921,28.25181166371022,31.13644396765982,0.22141803109691066,0.9999999936535308,3.3031106091696506e-10,3.578717701523839,0.019424512167484555,0.45708880054929846,0.007780118001378047,0.27985245801062125,0.006575776686462102,0.5431164901664145,0.4015079256937821,0.5984920743062179,0.07555773817875684,0.9070387851426226,0.13265997413315267,0.011186336495632053,0.0033036740486995383,0.0033036740486995383,0.0022136603839570156,0.46799936837371725,-0.0331552197252429
alt,0.75,0.35,selective_pro_fixdisc,2000,0.0314119621736286,0.0016793201935067048,0.07510148217338186,0.08138872081513474,0.001304588535276668,0.9395,0.005331029450303197,0.3004592953692115,0.0008197325079775485,0.703,0.010217411609600545,0.053,0.005009540897128199,0.053,0.005009540897128199,0.703,0.010217411609600545,-0.04940702350070381,0.008681863473445984,6.085951231178699,0.18580690516975484,14.869285714285697,15.15434412265755,15.374547647768388,15.331179350565206,16.116484187087945,0.09835600365439795,0.9999999999935022,5.583228739834455e-13,3.4972085594792333,0.01589825316709759,0.45299916683845254,0.007735898775883885,0.276017081763835,0.006446056204397438,0.5269793242561776,0.41449788799563975,0.5855021120043602,0.07498564867967852,0.9067965023847376,0.1312896538727307,0.011211803899377829,0.003320062984978817,0.003320062984978817,0.0022309726331921063,0.46331476241415476,-0.036807433175783937
alt,0.75,0.35,selective_pro_sam,2000,0.018380030281458643,0.0018865757857832416,0.0843702340343282,0.086328458436133,0.0013325477204743095,0.911,0.006367063687446513,0.298833212640801,0.0009376564395657421,0.614,0.01088586239119345,0.0685,0.0056483515294287415,0.0685,0.0056483515294287415,0.614,0.01088586239119345,-0.04872313392819776,0.00862778263530206,6.041442350235565,0.1860724225570054,42.48364450677768,43.29810041185739,43.92725850163207,43.80333971394079,30.280127572499705,0.3594734379766283,0.698622725039948,0.0071499322955072935,3.181164154077744,0.007778525623263751,0.4551593613417207,0.007717776833964688,0.2759790556565448,0.006393308447363,0.5486636409480585,0.3969205613843848,0.6030794386156152,0.07573437282472505,0.9070998546813369,0.13309682549391402,0.011174854933217526,0.0032973115829567252,0.0032973115829567252,0.002207379407307515,0.46443103739110686,-0.03699899446962091
alt,0.75,0.35,robust_map_w0.5,2000,0.0199084790256911,0.0017266875947209246,0.07721981675403189,0.07972619510921666,0.0013257766913586646,0.9555,0.004610843198374891,0.31269652202753445,0.0007959636682580559,0.6265,0.010816601823123564,0.035,0.004109440351191388,0.035,0.004109440351191388,0.6265,0.010816601823123564,nan,nan,2.1127882452259836,0.01345256482569835,nan,nan,nan,nan,2.9565337978208492,0.029823317886002933,0.5,0.0,3.4133970107947516,0.00840107770913325,0.5,0.0,0.3145650793353329,0.006978506320141725,1.0,0.0,1.0,0.082625,nan,0.15263826347996767,0.0,0.0,0.0,0.0017771478715322671,0.5,nan
alt,0.75,0.35,robust_map_w0.9,2000,0.031624495902274896,0.0016614827597992222,0.07430376788710032,0.0807365972674844,0.0013349637544620523,0.9455,0.005075911248239078,0.30507601889862324,0.0007482271749074885,0.6965,0.010280752647544827,0.0505,0.00489641450451246,0.0505,0.00489641450451246,0.6965,0.010280752647544827,nan,nan,2.1127882452259836,0.01345256482569835,nan,nan,nan,nan,5.321760836077528,0.05368197219480528,0.9000000000000002,4.9663100392403566e-18,3.4432585844830648,0.014634155943526883,0.5,0.0,0.3145650793353329,0.006978506320141725,1.0,0.0,1.0,0.082625,nan,0.15263826347996767,0.0,0.0,0.0,0.0017771478715322671,0.5,nan
alt,0.75,0.35,power_prior,2000,0.158792273445079,0.0029705501104461116,0.13284703955054028,0.2070132794176279,0.0022513082702921862,0.182,0.00862774593969943,0.13696008685857322,0.00027916165414944863,0.9525,0.00475624589355933,0.7565,0.009597076377730877,0.7565,0.009597076377730877,0.9525,0.00475624589355933,nan,nan,2.1127882452259836,0.01345256482569835,nan,nan,nan,nan,157.23405,0.6028699850782124,1.0,0.0,5.947371031072756,0.09662320273689178,0.5,0.0,0.3145650793353329,0.006978506320141725,1.0,0.0,1.0,0.082625,nan,0.15263826347996767,0.0,0.0,0.0,0.0017771478715322671,0.5,nan
alt,0.75,0.35,uip_dirichlet,2000,0.05826326997676858,0.0019062016001983974,0.08524792713724987,0.10323848170640193,0.0016164241906113804,0.8715,0.007482905518580331,0.29549220387984987,0.001139910508398752,0.7725,0.009373999946660978,0.122,0.007318333143551201,0.122,0.007318333143551201,0.7725,0.009373999946660978,0.017631769562380318,0.008949781738429967,2.1167176680299495,0.015634008982928053,nan,nan,nan,nan,29.794737283210896,0.4159902721283337,1.0,0.0,4.215506719275338,0.03819773213846309,0.5004889442768231,0.006797272538170341,0.311938652917549,0.0069127078156811395,0.9636913767019667,0.036290139437707224,0.9637098605622928,0.08262354619741451,0.9173363949483353,0.1521981522777955,0.004200611533189652,0.0012603419695632189,0.0012603419695632187,0.001810286371422945,0.4952965384144854,0.012066652834354725
alt,0.75,0.35,uip_js,2000,0.018885553158181884,0.001733453714099339,0.07752240681151215,0.07977081430047693,0.0013410339109409,0.9155,0.006219314672855845,0.27128928573216526,0.0008307815107562058,0.6965,0.010280752647544827,0.0605,0.005331029450303197,0.0605,0.005331029450303197,0.6965,0.010280752647544827,0.3453126546235154,0.006615175505703545,2.453074148644686,0.06557807809915187,nan,nan,nan,nan,15.29105843985798,0.10988326532549171,1.0,0.0,2.8678803001149604,0.016426001727800496,0.8015078571220347,0.005694552325676316,0.5722264200074187,0.008980609369570762,0.5960665658093798,0.7122223736203842,0.2877776263796158,0.15722266560255388,0.9514015289406625,0.24881591411430373,0.011018968080361348,0.0030511056636512717,0.0030511056636512717,0.004198197256596156,0.8257901617656392,0.37398924343002854
alt,0.75,0.35,pooling,2000,0.18044129040319495,0.0033803482777259404,0.15117377073239083,0.23537447075955556,0.0025237356352594753,0.084,0.0062025801083097675,0.0794008876095119,0.00018980190025661626,0.957,0.004536022486716751,0.8195,0.008599992732555068,0.8195,0.008599992732555068,0.957,0.004536022486716751,nan,nan,2.1127882452259836,0.01345256482569835,nan,nan,nan,nan,524.1135,2.009566616927375,1.0,0.0,6.522626605587739,0.11438382664195818,0.5,0.0,0.3145650793353329,0.006978506320141725,1.0,0.0,1.0,0.082625,nan,0.15263826347996767,0.0,0.0,0.0,0.0017771478715322671,0.5,nan
alt,1.0,0.35,weak_only,2000,0.011582372015825538,0.0018032017760365496,0.08064163496732153,0.08144920561350252,0.001304264585712554,0.9485,0.004942051699446293,0.3143394974968711,0.0008517184132299336,0.561,0.011096823869918816,0.03,0.00381444622455213,0.03,0.00381444622455213,0.561,0.011096823869918816,nan,nan,nan,nan,nan,nan,nan,nan,0.0,0.0,0.0,0.0,3.4829841572858014,0.0051572072740196295,0.5,0.0,0.29024174047450796,0.007317399328003844,0.0,1.0,0.0,nan,0.936875,nan,0.0,0.0,0.0,nan,0.5,nan
alt,1.0,0.35,eb_only,2000,0.0024069142955744174,0.0017334435068064359,0.0775219503274962,0.07753993289018078,0.0012168388716869401,0.9555,0.004610843198374891,0.3072132634543179,0.0008080277282742523,0.5265,0.011164626057329463,0.021,0.0032061659345704488,0.021,0.0032061659345704488,0.5265,0.011164626057329463,nan,nan,nan,nan,nan,nan,nan,nan,0.0,0.0,0.0,0.0,3.1939416429502407,0.0055416742910286915,0.5,0.0,0.29024174047450796,0.007317399328003844,0.0,1.0,0.0,nan,0.936875,nan,0.0,0.0,0.0,nan,0.5,nan
alt,1.0,0.35,rule,2000,0.02772123447062227,0.0018301849641742978,0.08184835982583495,0.08639601420060695,0.0013249996357513083,0.9375,0.005412658773652742,0.313369103379224,0.0008694522755356059,0.635,0.01076510566599325,0.0505,0.00489641450451246,0.0505,0.00489641450451246,0.635,0.01076510566599325,-0.050915648177577315,0.009620105539054033,5.816965377329969,0.20861061105908035,nan,nan,nan,nan,13.114352967414662,0.06505886640027657,0.8000000000000003,5.5433342210510144e-18,3.609311960485252,0.011982106648659233,0.45396918646339945,0.008823533344448024,0.2650626228481167,0.006958770452978118,0.6165016501650165,0.32950856126306427,0.6704914387369357,0.05833853841349157,0.9272841051314142,0.10659058487874465,0.012492304311156001,0.003134610066279192,0.003134610066279192,0.0018523775317829142,0.45889686676335556,-0.04566767936151372
alt,1.0,0.35,rule_sam,2000,0.020700512502698543,0.0018800669622000491,0.08407915059461675,0.08656951039947186,0.001328991542134318,0.9325,0.005609979946488223,0.31097033416770964,0.0008557357905674793,0.603,0.010940543862167,0.048,0.0047799581588126895,0.048,0.0047799581588126895,0.603,0.010940543862167,-0.050915648177577315,0.009620105539054033,5.816965377329969,0.20861061105908035,nan,nan,nan,nan,10.156632251762309,0.09928851001071327,0.622623338605897,0.005218895981357123,3.432898788889838,0.007391754995598898,0.45396918646339945,0.008823533344448024,0.2650626228481167,0.006958770452978118,0.6165016501650165,0.32950856126306427,0.6704914387369357,0.05833853841349157,0.9272841051314142,0.10659058487874465,0.012492304311156001,0.003134610066279192,0.003134610066279192,0.0018523775317829142,0.45889686676335556,-0.04566767936151372
alt,1.0,0.35,two_head,2000,0.0336098630325485,0.0019283275445214384,0.08623742944870377,0.09253539152058457,0.0013485197663772556,0.9165,0.006185780063985464,0.3150590031289111,0.0010351709671891345,0.63,0.010795832529267949,0.07,0.005705260730238366,0.07,0.005705260730238366,0.63,0.010795832529267949,-0.07530634445363552,0.008950727108550648,6.21202097829699,0.20415326328381772,44.0095777444594,44.18396703627031,43.57420355911997,43.55760317776712,36.04528459189701,0.20751777878009176,0.8000000000000003,5.4905247221747235e-18,3.723195047384872,0.014745621359173957,0.4333332080727914,0.008224209048918877,0.2365424508904447,0.005841543028138837,0.47128712871287126,0.4360684901045141,0.5639315098954859,0.05330745109750635,0.9244767112954931,0.09578107183580388,0.012824676374366212,0.0033070753326185534,0.0033070753326185534,0.0019410793560214132,0.43689550942790273,-0.07184521384615675
alt,1.0,0.35,two_head_pro,2000,0.033599164582825324,0.0019238244313037702,0.0860360441034021,0.09234394211416282,0.001351547238996548,0.9225,0.005978869040211535,0.3158811165206508,0.0010117681999162766,0.627,0.010813671901810226,0.066,0.005551756478809206,0.066,0.005551756478809206,0.627,0.010813671901810226,-0.08319798147261454,0.008761244052082322,6.2222253259613565,0.20363907677860973,22.321298888743726,25.495214048770727,28.972576083770868,28.317752773212884,32.12667063691736,0.20286686185188224,0.8000000000000003,5.50118322208865e-18,3.7249097724691906,0.01462967348333024,0.4260509993502534,0.008048698541324216,0.22944901382529984,0.005582165908709873,0.46006600660066005,0.4384700911718924,0.5615299088281076,0.052315544547023946,0.9233867191158566,0.0939479714247203,0.012804838095846658,0.0033091007340674415,0.0033091007340674415,0.0019290622381872473,0.4291593236492881,-0.07958274358049428
alt,1.0,0.35,two_head_pro_sam,2000,0.023617107520046907,0.0019602406770806123,0.08766462812424927,0.09076900488748509,0.0013567299653439067,0.916,0.006202580108309766,0.3091578056320401,0.0009250007199018143,0.5995,0.01095672738549244,0.064,0.005472842040475863,0.064,0.005472842040475863,0.5995,0.01095672738549244,-0.08319798147261454,0.008761244052082322,6.2222253259613565,0.20363907677860973,nan,nan,nan,nan,21.802533215704017,0.2823155133162038,0.5466722963656523,0.006086720726479592,3.431019978294451,0.008253508761394232,0.4260509993502534,0.008048698541324216,0.22944901382529984,0.005582165908709873,0.46006600660066005,0.4384700911718924,0.5615299088281076,0.052315544547023946,0.9233867191158566,0.0939479714247203,0.012804838095846658,0.0033091007340674415,0.0033091007340674415,0.0019290622381872473,0.4291593236492881,-0.07958274358049428
alt,1.0,0.35,two_head_pro_fixdisc,2000,0.030822676127263002,0.0018371095691639796,0.0821580375753202,0.0877302999556297,0.0013252701679193396,0.9315,0.0056483515294287415,0.3134748394242804,0.0008665778816959449,0.6435,0.010709989495793168,0.0565,0.005162739098579358,0.0565,0.005162739098579358,0.6435,0.010709989495793168,-0.08296839334164462,0.008801362690022239,6.232786842933062,0.20379003398248083,15.413090551181101,15.472358652198736,15.25664642375168,15.251584863935152,13.070327909962216,0.07812127232747194,0.8000000000000002,3.3559360083590114e-18,3.6271055191383166,0.012807173989382737,0.42528459659053797,0.008069211118586191,0.22715853790699472,0.005373999570856934,0.45544554455445546,0.4380698243273293,0.5619301756726707,0.05178236397748593,0.9227166276346604,0.09299191374663072,0.012794772563451948,0.0033087686369507124,0.0033087686369507124,0.0019196026550695397,0.42970654112994044,-0.07844541085092954
alt,1.0,0.35,selective_pro,2000,0.054196154404036495,0.0019291548161773037,0.08627442616187124,0.10186647202805031,0.0013894431846624916,0.839,0.008218241904446474,0.28998079073842303,0.0011399502210644574,0.7665,0.00945985597141944,0.15,0.007984359711335657,0.15,0.007984359711335657,0.7665,0.00945985597141944,-0.08027875143114017,0.008791046039985984,6.069431920382027,0.20525046591665408,44.03736237406746,44.20670698420765,43.59039534377788,43.57592993709293,43.55581192559907,0.23099979514653626,0.9999999999706761,1.6455989253635677e-12,3.9952717406965275,0.028344048598022628,0.4291589113380523,0.008095087320107925,0.23093277783221197,0.005621869719389499,0.5102310231023103,0.39550811652212586,0.6044918834778741,0.05381134702401671,0.9229891022314478,0.0973551637279597,0.012843185352970106,0.0032608174861011043,0.0032608174861011043,0.0018826647205717366,0.43110202605565917,-0.07796742004087487
alt,1.0,0.35,selective_base,2000,0.04906554360429715,0.0018737541451752174,0.08379683283467591,0.09708669222767476,0.0013682348232740779,0.873,0.007445501997850783,0.29573308185231545,0.0010249017622032033,0.7525,0.009649967616525975,0.1175,0.007200477414727443,0.1175,0.007200477414727443,0.7525,0.009649967616525975,-0.0738836420822814,0.00893242708864021,6.068378898647916,0.20550035079724754,27.731927539037958,28.255457487288762,28.51904881657332,28.379235856813434,31.125941448112833,0.2126318121186556,0.9999999924899803,5.252070033229248e-10,3.8860807970757243,0.024646180612373465,0.4350865865815711,0.008225739417763816,0.2372101699930918,0.005848149657477719,0.5108910891089109,0.3999555259061597,0.6000444740938403,0.05425487172297771,0.9238750770495171,0.09809264305177112,0.012842827078888518,0.003267014974668654,0.003267014974668654,0.00189651078630611,0.436746208027331,-0.0723083420613979
alt,1.0,0.35,selective_pro_fixdisc,2000,0.04162421315812763,0.0017934891162182623,0.0802072716154011,0.09034691437902004,0.0013423587737800406,0.9145,0.006252589463574273,0.30227933178973715,0.0008447129914927732,0.734,0.009880384607898621,0.075,0.005889609494694873,0.075,0.005889609494694873,0.734,0.009880384607898621,-0.08030499322952969,0.008866363609896689,6.124484648856477,0.2048404246857665,15.413090551181101,15.472358652198736,15.25664642375168,15.251584863935152,16.098619396919858,0.09122018472427493,0.9999999999922502,7.416686093638179e-13,3.7418666768327395,0.019187951658954518,0.42851034936618787,0.008150254105161632,0.23183936971617014,0.005690926030123306,0.4891089108910891,0.4100511452079164,0.5899488547920836,0.05290589747251178,0.9225535321192716,0.09548353843180209,0.012842827078888518,0.0032800446061388763,0.0032800446061388763,0.0018914355529678975,0.43160892186235167,-0.07707533802315476
alt,1.0,0.35,selective_pro_sam,2000,0.018447303981728495,0.001993207748459848,0.08913896037671043,0.09100595806927438,0.001382261897931792,0.9015,0.0066632480818291625,0.304046187359199,0.0009371048103939799,0.582,0.011028961873177366,0.073,0.005816829033072916,0.073,0.005816829033072916,0.582,0.011028961873177366,-0.08027875143114017,0.008791046039985984,6.069431920382027,0.20525046591665408,44.03736237406746,44.20670698420765,43.59039534377788,43.57592993709293,25.984647954343057,0.36704931325921897,0.5990474621733856,0.007675532431717521,3.2496716941985895,0.007295815484609255,0.4291589113380523,0.008095087320107925,0.23093277783221197,0.005621869719389499,0.5102310231023103,0.39550811652212586,0.6044918834778741,0.05381134702401671,0.9229891022314478,0.0973551637279597,0.012843185352970106,0.0032608174861011043,0.0032608174861011043,0.0018826647205717366,0.43110202605565917,-0.07796742004087487
alt,1.0,0.35,robust_map_w0.5,2000,0.023614255881006654,0.0018091130284224673,0.08090599421066293,0.08426232900934956,0.0013380427167116857,0.9475,0.004987171041783106,0.31472677922403,0.0008330735836237251,0.6085,0.010913930318634071,0.0405,0.004407933189148856,0.0405,0.004407933189148856,0.6085,0.010913930318634071,nan,nan,2.1799989201426593,0.012828950767448229,nan,nan,nan,nan,3.055965491039109,0.03298306531130901,0.5,0.0,3.4968566023444607,0.00872494600936855,0.5,0.0,0.29024174047450796,0.007317399328003844,1.0,0.0,1.0,0.063125,nan,0.11875367430922985,0.0,0.0,0.0,0.0015697695475106104,0.5,nan
alt,1.0,0.35,robust_map_w0.9,2000,0.038794590122411134,0.0017700151811681666,0.07915748532597253,0.08813509376040778,0.0013742120258505232,0.9285,0.005761412587204635,0.3085252663329162,0.0008070904907898684,0.703,0.010217411609600545,0.0645,0.005492711079239468,0.0645,0.005492711079239468,0.703,0.010217411609600545,nan,nan,2.1799989201426593,0.012828950767448229,nan,nan,nan,nan,5.500737883870397,0.05936951756035623,0.9000000000000002,4.9663100392403566e-18,3.616660273282645,0.0164739392358305,0.5,0.0,0.29024174047450796,0.007317399328003844,1.0,0.0,1.0,0.063125,nan,0.11875367430922985,0.0,0.0,0.0,0.0015697695475106104,0.5,nan
alt,1.0,0.35,power_prior,2000,0.19779063251849566,0.0029967492367542446,0.13401870009806205,0.2388999074550949,0.002240513475216941,0.149,0.007962380297373393,0.136147983979975,0.00026847413303593117,0.97,0.003814446224552132,0.8115,0.008745505988792188,0.8115,0.008745505988792188,0.97,0.003814446224552132,nan,nan,2.1799989201426593,0.012828950767448229,nan,nan,nan,nan,157.15425,0.5981264737562232,1.0,0.0,7.007811502748831,0.11222042562544314,0.5,0.0,0.29024174047450796,0.007317399328003844,1.0,0.0,1.0,0.063125,nan,0.11875367430922985,0.0,0.0,0.0,0.0015697695475106104,0.5,nan
alt,1.0,0.35,uip_dirichlet,2000,0.06955712451785162,0.001991302598237714,0.08905375946862963,0.11298141599683864,0.0016778573312647767,0.8495,0.007995303308818246,0.304470382853567,0.0011987235147775481,0.7885,0.00913147715323211,0.1415,0.007793514932301086,0.1415,0.007793514932301086,0.7885,0.00913147715323211,0.004697243718215063,0.009350726025945005,2.19005274074517,0.015476528974684396,nan,nan,nan,nan,30.32371574930107,0.3999255216308836,1.0,0.0,4.622021619517304,0.04186900207002897,0.49333112101566323,0.007420672955431664,0.29040589364149033,0.007389700299549919,0.9511551155115512,0.03855903935957305,0.961440960640427,0.06249186868467843,0.9213602550478215,0.11727842435094,0.005537693324684629,0.0012840382679888364,0.0012840382679888364,0.001593965960460724,0.5018676377352699,0.014752783942083113
alt,1.0,0.35,uip_js,2000,0.02866262778687207,0.0018229830560340357,0.08152628070244824,0.08639882759390065,0.0013555567012578766,0.8975,0.006782099601155973,0.2761037168961201,0.0009023277343887827,0.721,0.010028933143659899,0.075,0.005889609494694873,0.075,0.005889609494694873,0.721,0.010028933143659899,0.35252336331585715,0.007100274800308856,2.287184073059358,0.06799354597633576,nan,nan,nan,nan,15.879266308984835,0.11693797036160225,1.0,0.0,3.075124182035909,0.022263764044421073,0.8136988330789771,0.006217781898497275,0.5832957366136379,0.01008193685917117,0.6448844884488449,0.6854347342672893,0.3145652657327107,0.1213664596273292,0.966269592476489,0.20428646105593312,0.012294743436777463,0.003096649069624389,0.003096649069624389,0.0036396136936648485,0.8368056808160975,0.3793213993714425
alt,1.0,0.35,pooling,2000,0.22472901763170774,0.003390869724399265,0.15164430413205468,0.27108601650383896,0.0025097967693794134,0.0655,0.005532167296819575,0.07852371639549437,0.00018618555817349083,0.9735,0.00359150038284837,0.8675,0.007581020709640621,0.8675,0.007581020709640621,0.9735,0.00359150038284837,nan,nan,2.1799989201426593,0.012828950767448229,nan,nan,nan,nan,523.8475,1.993754912520744,1.0,0.0,7.773931490666815,0.13337047758183088,0.5,0.0,0.29024174047450796,0.007317399328003844,1.0,0.0,1.0,0.063125,nan,0.11875367430922985,0.0,0.0,0.0,0.0015697695475106104,0.5,nan
alt,1.25,0.35,weak_only,2000,0.010117719953810724,0.0018173278866137291,0.08127337383748658,0.08188056467406735,0.001306770412346101,0.9515,0.004803527349771207,0.3121415642052566,0.0008515009589822594,0.5575,0.01110616382915361,0.0265,0.0035915003828483716,0.0265,0.0035915003828483716,0.5575,0.01110616382915361,nan,nan,nan,nan,nan,nan,nan,nan,0.0,0.0,0.0,0.0,3.4951657569365806,0.005239744217388849,0.5,0.0,0.27974616756117326,0.007351993023532056,0.0,1.0,0.0,nan,0.943375,nan,0.0,0.0,0.0,nan,0.5,nan
alt,1.25,0.35,eb_only,2000,0.001112467979507152,0.0017486059955948959,0.0782000374402777,0.07818839950874064,0.0012251805550857536,0.9575,0.004510751046111944,0.3051191892365457,0.0008076041125927358,0.5255,0.011165790388503627,0.0185,0.003013117156700018,0.0185,0.003013117156700018,0.5255,0.011165790388503627,nan,nan,nan,nan,nan,nan,nan,nan,0.0,0.0,0.0,0.0,3.2043388759167537,0.005674115806085448,0.5,0.0,0.27974616756117326,0.007351993023532056,0.0,1.0,0.0,nan,0.943375,nan,0.0,0.0,0.0,nan,0.5,nan
alt,1.25,0.35,rule,2000,0.027823105968727953,0.0018817943201756358,0.08415640039171451,0.08861649847953927,0.001386986981048164,0.9315,0.0056483515294287415,0.31525983904881105,0.0008944400541644016,0.627,0.010813671901810226,0.0545,0.005075911248239078,0.0545,0.005075911248239078,0.627,0.010813671901810226,-0.04794530561912372,0.009837141527344028,5.862221381454539,0.2191382233497404,nan,nan,nan,nan,13.094070061759368,0.06374061260788993,0.8000000000000003,5.480408074722673e-18,3.7894005998783378,0.013536389395150257,0.4544212064186291,0.009047267681915987,0.2602527642375867,0.00708487540957326,0.6306107431935246,0.32710569321143057,0.6728943067885694,0.05325627641063883,0.9365199797673243,0.09821786717093577,0.013092213666603722,0.003117953802070481,0.003117953802070481,0.0017700951184629016,0.4532034998735229,-0.05053443233849399
alt,1.25,0.35,rule_sam,2000,0.018334351559101736,0.0019240354834957436,0.08604548264436315,0.08795607777778852,0.001383091241048258,0.928,0.0057799653978203,0.31075886207759695,0.0008665681903191216,0.5865,0.011011760758389187,0.0505,0.00489641450451246,0.0505,0.00489641450451246,0.5865,0.011011760758389187,-0.04794530561912372,0.009837141527344028,5.862221381454539,0.2191382233497404,nan,nan,nan,nan,8.856736878423723,0.10737741381015992,0.5442359492663015,0.005953771971261065,3.5003652526296483,0.0073925742766500786,0.4544212064186291,0.009047267681915987,0.2602527642375867,0.00708487540957326,0.6306107431935246,0.32710569321143057,0.6728943067885694,0.05325627641063883,0.9365199797673243,0.09821786717093577,0.013092213666603722,0.003117953802070481,0.003117953802070481,0.0017700951184629016,0.4532034998735229,-0.05053443233849399
alt,1.25,0.35,two_head,2000,0.03162747738310568,0.0019873768454114265,0.08887819446498081,0.0943169184730297,0.0014297718346504402,0.914,0.006269130721240385,0.31890241451814766,0.0010800811817631149,0.612,0.010896237882865811,0.0665,0.005571254347092763,0.0665,0.005571254347092763,0.612,0.010896237882865811,-0.07757625744054544,0.009348695445996112,6.235242631399212,0.21415640376180028,43.12533697706983,44.05024316486612,43.43816403526227,43.659445952946776,36.058559844561856,0.20766599092289414,0.8000000000000003,5.5280184214472344e-18,3.949838155214363,0.016034548036050703,0.43087773772195304,0.008647669407937307,0.23447534445529866,0.006082589555685798,0.48050036791758644,0.43602314385407004,0.56397685614593,0.04865146773953211,0.93325770467007,0.088356674108653,0.013552822675149808,0.0032956236423181194,0.0032956236423181194,0.0018569883638606187,0.42949874173263125,-0.07988506886601321
alt,1.25,0.35,two_head_pro,2000,0.03126913143721044,0.0019862778123932766,0.08882904421421882,0.09415100837113312,0.0014306507092733962,0.917,0.006168914004912047,0.3195111788485607,0.001045627712834086,0.614,0.01088586239119345,0.065,0.005512485827646181,0.065,0.005512485827646181,0.614,0.01088586239119345,-0.08816963665871894,0.009256418698051844,6.271303396031216,0.21356307841940603,21.26714143047055,22.584691989162465,25.606009927461955,29.050376961215047,32.16760810287126,0.20184947825281788,0.8000000000000003,5.40421481345472e-18,3.946957411343887,0.015681450858359626,0.42071602059431384,0.008510017823066146,0.226958135464722,0.005822550412563074,0.45253863134657835,0.4398215626518263,0.5601784373481737,0.04624755602346217,0.9304802840590544,0.08391894657842669,0.01350189855250392,0.0032987822581459296,0.0032987822581459296,0.0018212478881675684,0.41947570740004575,-0.09048687357897008
alt,1.25,0.35,two_head_pro_sam,2000,0.01947273641142543,0.0019895401729831774,0.0889749414151415,0.09105915326356162,0.0014261010257625444,0.9175,0.0061519813881382975,0.30988106520650816,0.000938139431694736,0.5835,0.01102333320733797,0.0585,0.0052477495176503994,0.0585,0.0052477495176503994,0.5835,0.01102333320733797,-0.08816963665871894,0.009256418698051844,6.271303396031216,0.21356307841940603,nan,nan,nan,nan,18.074639239120298,0.2916279431758392,0.4530626476769079,0.0065056793184430535,3.4986918770928117,0.007961479800407251,0.42071602059431384,0.008510017823066146,0.226958135464722,0.005822550412563074,0.45253863134657835,0.4398215626518263,0.5601784373481737,0.04624755602346217,0.9304802840590544,0.08391894657842669,0.01350189855250392,0.0032987822581459296,0.0032987822581459296,0.0018212478881675684,0.41947570740004575,-0.09048687357897008
alt,1.25,0.35,two_head_pro_fixdisc,2000,0.030687074521369963,0.0018932279641884707,0.08466772849657916,0.09003741710714591,0.001386817412443892,0.931,0.0056674068144081545,0.3164686085106383,0.0009016423571734423,0.6315,0.010786745338608862,0.057,0.00518415856238985,0.057,0.00518415856238985,0.6315,0.010786745338608862,-0.08516478339647218,0.00934849969262334,6.274566632896249,0.21363774618965148,15.102983988355167,15.427096774193545,15.210096575943806,15.286889525092615,13.080145979273057,0.07811168700146498,0.8000000000000003,5.5146171449543824e-18,3.829403528254828,0.014242530205701768,0.423099197533619,0.008602966919804953,0.23167724399396794,0.006154461852542252,0.459896983075791,0.43884987412216775,0.5611501258778322,0.04688672168042011,0.9312089971883787,0.08509769215058888,0.013519444695197442,0.003297992920451623,0.003297992920451623,0.0018309737551393855,0.42166258867927453,-0.08759639600907697
alt,1.25,0.35,selective_pro,2000,0.06405868714732209,0.0019910024872949275,0.0890403380992524,0.10967102222995485,0.001475890665374505,0.777,0.009307819293475782,0.2883146659574468,0.00117446406672947,0.8025,0.00890207138816579,0.207,0.00905955296910394,0.207,0.00905955296910394,0.8025,0.00890207138816579,-0.08768709086240607,0.009283501685222129,6.105422242506797,0.2153657171699703,43.151348752174826,44.07738006093779,43.457385508160456,43.67680351525637,43.50944583992135,0.22930060033018326,0.9999999999725013,1.4523610207997528e-12,4.471838128340622,0.03630696060638341,0.4222618303803871,0.008569195060507245,0.22995848960339224,0.0059964332292921215,0.5106696100073583,0.39790645289519017,0.6020935471048099,0.04844338964121178,0.9312590448625181,0.08849218999043672,0.013560052556282088,0.003252929680404423,0.003252929680404423,0.0017937920863220639,0.42072753329226287,-0.0901481327241286
alt,1.25,0.35,selective_base,2000,0.056952157113599015,0.0019156021064227202,0.08566833055605978,0.10285398158906764,0.0014364081572815707,0.848,0.008027951170753346,0.29551597884856073,0.001059803897806079,0.786,0.009170714257897256,0.1395,0.007747249511923571,0.1395,0.007747249511923571,0.786,0.009170714257897256,-0.08113110792218288,0.0092146160522199,6.102663831621767,0.2155052478198035,27.358675641575505,27.537079636752225,28.129261597239797,28.596830987182116,31.27628312751093,0.2144813719219174,0.9999999934353402,4.3000828228132053e-10,4.300881335235524,0.03138182566730718,0.42751343412855436,0.008541660470582834,0.23259149615392458,0.006092524650069111,0.5180279617365711,0.4024557219204099,0.5975442780795901,0.049462516686573456,0.9329374424081089,0.09030271934325294,0.013554321869821346,0.003259089573419912,0.003259089573419912,0.0018175003531972866,0.4264290633608815,-0.08331266660723372
alt,1.25,0.35,selective_pro_fixdisc,2000,0.04752585114150011,0.0018116266101612156,0.08101840500335979,0.09391169514516186,0.001404452728784823,0.899,0.006737915107805974,0.3027379384230288,0.000869548002969197,0.7645,0.009487880427155478,0.092,0.006462816723379984,0.092,0.006462816723379984,0.7645,0.009487880427155478,-0.08283344803441232,0.009358098679501275,6.160416998624364,0.21485898392468014,15.102983988355167,15.427096774193545,15.210096575943806,15.286889525092615,16.100980530557152,0.0911488203322948,0.9999999999919061,1.3898060967895825e-12,4.0675468185662815,0.023801850386701497,0.4255457365065039,0.008627532458217142,0.23256657421319504,0.006112894918912017,0.5025754231052244,0.4133209663884104,0.5866790336115896,0.04890448231419161,0.9326290611919473,0.08913539967373572,0.013562961055009792,0.0032726246683605588,0.0032726246683605588,0.001824947526876782,0.424394137965772,-0.08465742153609505
alt,1.25,0.35,selective_pro_sam,2000,0.013798043008447934,0.002015036717296047,0.09011518154063976,0.09114313776688507,0.001465076219284616,0.9015,0.0066632480818291625,0.3040687110137672,0.0009557754641039758,0.563,0.011091235278362822,0.0695,0.005686376262612245,0.0695,0.005686376262612245,0.563,0.011091235278362822,-0.08768709086240607,0.009283501685222129,6.105422242506797,0.2153657171699703,43.151348752174826,44.07738006093779,43.457385508160456,43.67680351525637,21.241034497022877,0.372642410563569,0.4904347865504478,0.007963807585166722,3.287692303169202,0.007327020751542377,0.4222618303803871,0.008569195060507245,0.22995848960339224,0.0059964332292921215,0.5106696100073583,0.39790645289519017,0.6020935471048099,0.04844338964121178,0.9312590448625181,0.08849218999043672,0.013560052556282088,0.003252929680404423,0.003252929680404423,0.0017937920863220639,0.42072753329226287,-0.0901481327241286
alt,1.25,0.35,robust_map_w0.5,2000,0.02230949178759692,0.0018485136687796432,0.08266804441457626,0.08560550209167364,0.0013684469366672,0.94,0.005310367218940704,0.31494388222778474,0.0008443450316868307,0.6065,0.010923775675104282,0.0445,0.004610843198374892,0.0445,0.004610843198374892,0.6065,0.010923775675104282,nan,nan,2.1772822693862985,0.013943668278409545,nan,nan,nan,nan,3.228690673241234,0.037832497409175846,0.5,0.0,3.600602233935264,0.009432006195764097,0.5,0.0,0.27974616756117326,0.007351993023532056,1.0,0.0,1.0,0.056625,nan,0.10718088252691353,0.0,0.0,0.0,0.0014919032779054412,0.5,nan
alt,1.25,0.35,robust_map_w0.9,2000,0.04006488809109448,0.001825798307811522,0.08165218258941297,0.09093371563895292,0.0014393000760795898,0.921,0.006031542091372652,0.31183749486858575,0.0008518721157554164,0.6925,0.01031852096959637,0.0715,0.005761412587204634,0.0715,0.005761412587204634,0.6925,0.01031852096959637,nan,nan,2.1772822693862985,0.013943668278409545,nan,nan,nan,nan,5.811643211834221,0.06809849533651653,0.9000000000000002,4.9663100392403566e-18,3.850978369502746,0.019169963209493834,0.5,0.0,0.27974616756117326,0.007351993023532056,1.0,0.0,1.0,0.056625,nan,0.10718088252691353,0.0,0.0,0.0,0.0014919032779054412,0.5,nan
alt,1.25,0.35,power_prior,2000,0.23333243705573994,0.002938825231168374,0.13142825981768036,0.26778494537097336,0.002242467045544071,0.1035,0.006811304941052044,0.1347427581977472,0.00027431662652443366,0.9835,0.002848486440199423,0.872,0.007470475219154402,0.872,0.007470475219154402,0.9835,0.002848486440199423,nan,nan,2.1772822693862985,0.013943668278409545,nan,nan,nan,nan,157.09964999999997,0.5917811503450424,1.0,0.0,8.611441886872603,0.13590950458628775,0.5,0.0,0.27974616756117326,0.007351993023532056,1.0,0.0,1.0,0.056625,nan,0.10718088252691353,0.0,0.0,0.0,0.0014919032779054412,0.5,nan
alt,1.25,0.35,uip_dirichlet,2000,0.07350998863379593,0.002020903958916458,0.09037757256271285,0.11648064216194066,0.0016942205575117893,0.8285,0.00842875287334965,0.31232488172715894,0.001176257966584522,0.781,0.009247675383576135,0.1635,0.008269454335081609,0.1635,0.008269454335081609,0.781,0.009247675383576135,0.01703666479008639,0.010006931730194872,2.183999376719279,0.016804492775497875,nan,nan,nan,nan,31.462586566327595,0.4239230601707472,1.0,0.0,5.140068763690248,0.04638644424955172,0.5025925058141553,0.00787597614889837,0.28650781598232916,0.007761511944109008,0.9602649006622517,0.03718917008966035,0.9628108299103396,0.05648372576177285,0.9397321428571429,0.10669173854392348,0.0052987441567072845,0.001257566397457085,0.0012575663974570856,0.00151877268467153,0.50166728383069,0.01752527518653851
alt,1.25,0.35,uip_js,2000,0.03453556686161923,0.001864299343672227,0.08337400125718684,0.09022446371158961,0.0013725603542109558,0.8825,0.0072004774147274445,0.2808124120150188,0.0009686876476095738,0.7315,0.009909786829190626,0.0905,0.006415206543830058,0.0905,0.006415206543830058,0.7315,0.009909786829190626,0.3797896497730664,0.007068431581032383,2.2388476104343904,0.07499779337917334,nan,nan,nan,nan,17.016225990208184,0.1417636973743784,1.0,0.0,3.3831493594524935,0.03031967052916311,0.839481809448877,0.006189008994331415,0.6199521534000344,0.01062445064298894,0.6607799852832965,0.6474979020361291,0.3525020979638709,0.10113751548597814,0.9695125983731234,0.1754248876733737,0.012842791913927697,0.0031750621698592996,0.0031750621698592996,0.0031997845695465564,0.8563190331170767,0.4003266689114554
alt,1.25,0.35,pooling,2000,0.26624831028182927,0.0033388271527673924,0.1493168895741993,0.30524178690553955,0.002522485393945405,0.055,0.005097793640389928,0.07712224455569464,0.00019695797105060773,0.987,0.0025328837320335107,0.904,0.006587260432076448,0.904,0.006587260432076448,0.987,0.0025328837320335107,nan,nan,2.1772822693862985,0.013943668278409545,nan,nan,nan,nan,523.6655,1.972603834483475,1.0,0.0,9.72252060255487,0.16429017447385083,0.5,0.0,0.27974616756117326,0.007351993023532056,1.0,0.0,1.0,0.056625,nan,0.10718088252691353,0.0,0.0,0.0,0.0014919032779054412,0.5,nan
alt,1.5,0.35,weak_only,2000,0.010279725336499193,0.0017963623347767676,0.08033576585562174,0.08097086581583118,0.0013078713070261254,0.954,0.0046842288586276416,0.3141787036295369,0.000865456807443388,0.5465,0.011131885509651992,0.028,0.0036889022757454555,0.028,0.0036889022757454555,0.5465,0.011131885509651992,nan,nan,nan,nan,nan,nan,nan,nan,0.0,0.0,0.0,0.0,3.4830717368291984,0.005181131923224729,0.5,0.0,0.3040990233336532,0.008892616423896027,0.0,1.0,0.0,nan,0.9488333333333333,nan,0.0,0.0,0.0,nan,0.5,nan
alt,1.5,0.35,eb_only,2000,0.001129411458956954,0.0017253557654724333,0.07716025553935091,0.07714923040850184,0.0012217049556190243,0.959,0.00443390347211123,0.30704183341677094,0.0008211448775317483,0.511,0.01117763391778421,0.0195,0.0030919047527373806,0.0195,0.0030919047527373806,0.511,0.01117763391778421,nan,nan,nan,nan,nan,nan,nan,nan,0.0,0.0,0.0,0.0,3.192201645569557,0.005495166424866615,0.5,0.0,0.3040990233336532,0.008892616423896027,0.0,1.0,0.0,nan,0.9488333333333333,nan,0.0,0.0,0.0,nan,0.5,nan
alt,1.5,0.35,rule,2000,0.028593596404774272,0.001900155448748193,0.08497753502435156,0.0896390797779886,0.0014827799530678996,0.933,0.0055906618570612885,0.31988594743429294,0.0009327239779032432,0.6235,0.01083392241988099,0.0535,0.005031786462082826,0.0535,0.005031786462082826,0.6235,0.01083392241988099,-0.01679706850117595,0.01060861032792991,5.576535209038991,0.22471074011897893,nan,nan,nan,nan,13.137721664136338,0.06795086721362409,0.8000000000000003,5.493892798182416e-18,3.9271957564180706,0.014105791893257598,0.4786709800550767,0.009774933381324973,0.282373959919443,0.00815150716418128,0.6392508143322475,0.32970314421219044,0.6702968557878095,0.04891270484142314,0.9442837378946044,0.0908722579151473,0.013703740980587532,0.003115261787293637,0.0031152617872936376,0.001702538891833438,0.4897027838364155,-0.006762492727675563
alt,1.5,0.35,rule_sam,2000,0.01690951800066943,0.001900381445157874,0.08498764189104589,0.0866326706478481,0.0014458483907624042,0.9375,0.005412658773652742,0.3136243714643305,0.000894839626075845,0.579,0.011039904890894667,0.0455,0.004659922209651144,0.0455,0.004659922209651144,0.579,0.011039904890894667,-0.01679706850117595,0.01060861032792991,5.576535209038991,0.22471074011897893,nan,nan,nan,nan,7.679949095005086,0.11130793509693201,0.47225964604084153,0.006301811955424861,3.5225526494485493,0.006836852812295474,0.4786709800550767,0.009774933381324973,0.282373959919443,0.00815150716418128,0.6392508143322475,0.32970314421219044,0.6702968557878095,0.04891270484142314,0.9442837378946044,0.0908722579151473,0.013703740980587532,0.003115261787293637,0.0031152617872936376,0.001702538891833438,0.4897027838364155,-0.006762492727675563
alt,1.5,0.35,two_head,2000,0.03015561631138617,0.0020128900494736012,0.09001917963711775,0.09491449926806729,0.0015804108307116416,0.9215,0.006014056451347959,0.3236092326658323,0.0011148132447985925,0.612,0.010896237882865811,0.06,0.0053103672189407005,0.06,0.0053103672189407005,0.612,0.010896237882865811,-0.051133149710382804,0.009926317051630799,5.9468661545232795,0.21999556472335058,44.22594036660455,43.25270678922151,43.99549204808029,43.794714439775035,36.307929175902494,0.22382714115966934,0.8000000000000003,5.480970600572213e-18,4.114574806792121,0.016005967966690047,0.45008507469690034,0.00920828527111613,0.2504828774088498,0.006989992212261775,0.498371335504886,0.4404971017038468,0.5595028982961532,0.045832397214109186,0.9421433267587114,0.08394485974898841,0.014268177943726578,0.0032898198018664715,0.0032898198018664715,0.001809710871839838,0.45727283337577457,-0.04445360870085568
alt,1.5,0.35,two_head_pro,2000,0.029700075005233827,0.0020033311204252103,0.08959169133423175,0.09436499497094623,0.0015746421239739886,0.926,0.005853375094763702,0.3243068403003755,0.0010784599872624666,0.6055,0.010928626400421967,0.058,0.0052266624149642565,0.058,0.0052266624149642565,0.6055,0.010928626400421967,-0.075007068316857,0.009573216612998358,6.009582449565845,0.2187923135619484,23.257107398128998,21.67969824973566,23.98456152207727,29.102887316795808,32.403221698286096,0.22154522238971402,0.8000000000000003,5.5574984288785555e-18,4.110221235203622,0.015415287956428433,0.42802755138467186,0.008867498276896783,0.23084555373294396,0.006215091019199919,0.4747557003257329,0.444756718777446,0.5552432812225541,0.04407651016859454,0.9401280980228348,0.08066413005880317,0.014250056441226466,0.0032930803480107343,0.0032930803480107343,0.0017847791780197656,0.4347275542847794,-0.06841848178820431
alt,1.5,0.35,two_head_pro_sam,2000,0.016937699267461623,0.0019510811369372989,0.08725500103618752,0.08886233254139317,0.0015272352168099771,0.932,0.005629209535982825,0.31291299937421774,0.0009522180087320127,0.571,0.011067045676240792,0.049,0.0048269555622566076,0.049,0.0048269555622566076,0.571,0.011067045676240792,-0.075007068316857,0.009573216612998358,6.009582449565845,0.2187923135619484,nan,nan,nan,nan,14.885192160452522,0.2830405174813893,0.37617980959880315,0.006510146026806848,3.521490079018416,0.0070167058559881,0.42802755138467186,0.008867498276896783,0.23084555373294396,0.006215091019199919,0.4747557003257329,0.444756718777446,0.5552432812225541,0.04407651016859454,0.9401280980228348,0.08066413005880317,0.014250056441226466,0.0032930803480107343,0.0032930803480107343,0.0017847791780197656,0.4347275542847794,-0.06841848178820431
alt,1.5,0.35,two_head_pro_fixdisc,2000,0.03120866120572572,0.0019254686632942696,0.08610957639343282,0.09157036775800828,0.0015021798926837333,0.9275,0.005798437289477226,0.3217885705882353,0.0009453827568738907,0.6255,0.010822424635912231,0.059,0.0052687284993630104,0.059,0.0052687284993630104,0.6255,0.010822424635912231,-0.06519392640384634,0.00976683111302655,5.994511838917411,0.21928495691184416,15.48843930635839,15.145636215334443,15.405719844357987,15.334360027378501,13.171365949097414,0.08597827360312339,0.8000000000000003,5.572456583588352e-18,3.986144741557421,0.014436249221973809,0.4357121338104713,0.008992471524362142,0.23687886211098258,0.0063915957049929546,0.4828990228013029,0.444888459511681,0.555111540488319,0.04480882575185129,0.9410180196916218,0.08200802102060573,0.014259905882607437,0.0032931772809770858,0.0032931772809770858,0.0017983795975438518,0.4421212451823065,-0.05917075962760594
alt,1.5,0.35,selective_pro,2000,0.07583542749023128,0.002114631569248797,0.09456919872414728,0.12120178935675711,0.0017103089661825405,0.733,0.009892193892155572,0.28627377259073844,0.0011669110176221059,0.836,0.0082796135175502,0.253,0.009720879589831364,0.253,0.009720879589831364,0.836,0.0082796135175502,-0.07199504504935515,0.009671526631135127,5.844433492537157,0.22062274074106308,44.252652561012745,43.273211768824446,44.016307029883905,43.812432862800534,43.82852201332763,0.252134955583974,0.9999999999707792,1.57102384487171e-12,4.94206254772841,0.04435556532810651,0.4309030719907445,0.008934057981963627,0.2333373580158398,0.006354163534316571,0.5366449511400652,0.3993939926225189,0.600606007377481,0.04596819196428571,0.9411216887417219,0.08468260087381135,0.014229881722640699,0.0032456001326881304,0.0032456001326881304,0.0017490255037814885,0.43805098620475863,-0.06516865697706689
alt,1.5,0.35,selective_base,2000,0.06589299369134292,0.0019976711562400854,0.08933857004086869,0.11099223407295705,0.0016547157312103676,0.814,0.008700689627839854,0.29561858660826035,0.0010428531581565179,0.821,0.00857201843208471,0.173,0.00845786616115436,0.173,0.00845786616115436,0.821,0.00857201843208471,-0.05164455643877327,0.009821042773510497,5.816866375231917,0.2212146114656214,27.802826807446852,27.66467464492246,28.158031542854832,28.534583180784,31.362808342968183,0.23392283096355423,0.9999999927802358,3.9036323129092624e-10,4.67931574522474,0.03703265021918608,0.4495344777614225,0.009125113643792199,0.24730508315514585,0.006784752460863209,0.5447882736156352,0.40356578253996134,0.5964342174600387,0.046944074100063155,0.9426607857216125,0.08643969248659474,0.014210894412000666,0.00325115635431616,0.00325115635431616,0.0017718498323587271,0.45666014209812167,-0.045315298515365934
alt,1.5,0.35,selective_pro_fixdisc,2000,0.05423081650805089,0.0018590193196858843,0.083137871406061,0.09924430043196263,0.0015650442262159312,0.881,0.0072401312142805815,0.30514922077596995,0.000866132380205853,0.782,0.009232442797006652,0.1085,0.006954414065900879,0.1085,0.006954414065900879,0.782,0.009232442797006652,-0.062460186845135,0.009708747816578694,5.878334539422821,0.2204623636532279,15.48843930635839,15.145636215334443,15.405719844357987,15.334360027378501,16.20700055450103,0.1001514915933001,0.9999999999926676,7.262488559729706e-13,4.360902909790769,0.027215543037711537,0.4386152500840393,0.008963456629788757,0.2376763037255509,0.0063484214197292764,0.5244299674267101,0.41511505357456524,0.5848849464254348,0.04612189357587911,0.9418152834512304,0.08478704496083207,0.01425121220889893,0.0032652683269638358,0.0032652683269638358,0.001775050184919061,0.4453168306189406,-0.056337219493812776
alt,1.5,0.35,selective_pro_sam,2000,0.010453664866468579,0.001961811533978119,0.08773487898036425,0.08833368210566539,0.0015768260114912822,0.9255,0.005871530890662162,0.30728208573216526,0.0009546085398132182,0.5485,0.011127617669564317,0.049,0.0048269555622566076,0.049,0.0048269555622566076,0.5485,0.011127617669564317,-0.07199504504935515,0.009671526631135127,5.844433492537157,0.22062274074106308,44.252652561012745,43.273211768824446,44.016307029883905,43.812432862800534,17.349690835323052,0.3598402059735875,0.40106369546399756,0.007774179702615193,3.292303851652647,0.0066948095248341504,0.4309030719907445,0.008934057981963627,0.2333373580158398,0.006354163534316571,0.5366449511400652,0.3993939926225189,0.600606007377481,0.04596819196428571,0.9411216887417219,0.08468260087381135,0.014229881722640699,0.0032456001326881304,0.0032456001326881304,0.0017490255037814885,0.43805098620475863,-0.06516865697706689
alt,1.5,0.35,robust_map_w0.5,2000,0.02250412217949664,0.0018563998321068623,0.08302072436020282,0.0859966857967552,0.001421675915542883,0.9465,0.005031786462082825,0.31895747234042554,0.0008877365732307948,0.5955,0.010974510239641676,0.043,0.004536022486716748,0.043,0.004536022486716748,0.5955,0.010974510239641676,nan,nan,2.186609096909886,0.014396308348431456,nan,nan,nan,nan,3.4016147234824152,0.039183070196307804,0.5,0.0,3.6735302962918115,0.009499117041918073,0.5,0.0,0.3040990233336532,0.008892616423896027,1.0,0.0,1.0,0.051166666666666666,nan,0.09735214840653243,0.0,0.0,0.0,0.0014222728126852822,0.5,nan
alt,1.5,0.35,robust_map_w0.9,2000,0.04258437787100688,0.0018856243779018075,0.08432768578038388,0.09445121623590308,0.0015626387374462049,0.921,0.006031542091372652,0.3185489182728411,0.0009085329414531153,0.6835,0.010400186296408348,0.0715,0.005761412587204634,0.0715,0.005761412587204634,0.6835,0.010400186296408348,nan,nan,2.186609096909886,0.014396308348431456,nan,nan,nan,nan,6.122906502268348,0.07052952635335405,0.9000000000000002,4.9663100392403566e-18,4.058367351171317,0.020668550184767757,0.5,0.0,0.3040990233336532,0.008892616423896027,1.0,0.0,1.0,0.051166666666666666,nan,0.09735214840653243,0.0,0.0,0.0,0.0014222728126852822,0.5,nan
alt,1.5,0.35,power_prior,2000,0.26972970485276493,0.002950559938194013,0.13195305186978784,0.30026157891705313,0.002298664399746624,0.083,0.006168914004912048,0.132364635669587,0.0003068890588802531,0.9905,0.0021690723823791537,0.903,0.006617816860566631,0.903,0.006617816860566631,0.9905,0.0021690723823791537,nan,nan,2.186609096909886,0.014396308348431456,nan,nan,nan,nan,157.78425,0.6166458136552126,1.0,0.0,10.231856717264542,0.15460871657064668,0.5,0.0,0.3040990233336532,0.008892616423896027,1.0,0.0,1.0,0.051166666666666666,nan,0.09735214840653243,0.0,0.0,0.0,0.0014222728126852822,0.5,nan
alt,1.5,0.35,uip_dirichlet,2000,0.07993787081199281,0.0020810754296126384,0.09306852253836877,0.12266817925805358,0.0018284219033791243,0.838,0.008238810593768981,0.3243568928660826,0.001203604147671748,0.779,0.009277903858092086,0.1575,0.00814535910810567,0.1575,0.00814535910810567,0.779,0.009277903858092086,0.015867224205177298,0.010659009086047208,2.189926201742667,0.01718735513132824,nan,nan,nan,nan,33.36043555607779,0.4161328806372216,1.0,0.0,5.704285146652089,0.04986009291125392,0.5024203373129031,0.008331752487797238,0.30088165140078565,0.00861356602223133,0.9649837133550488,0.03794133145968734,0.9620586685403126,0.051314251071753345,0.9525909592061742,0.09744665104230911,0.00524560823867045,0.0012660663749644518,0.0012660663749644522,0.0014519110414296327,0.5124783219172605,0.026775920934647153
alt,1.5,0.35,uip_js,2000,0.042343230455780444,0.0019168284171102053,0.08572317283723481,0.09559151267520105,0.0015790486019846642,0.884,0.0071604469134265636,0.2903286560700876,0.0010531542566197527,0.7365,0.009850577394244461,0.0945,0.0065410148295199574,0.0945,0.0065410148295199574,0.7365,0.009850577394244461,0.3995958483214748,0.006761610069825854,2.039717033414948,0.07241245260106684,nan,nan,nan,nan,17.92393448596792,0.15545494932143106,1.0,0.0,3.7599180069046843,0.037462163882801304,0.8582350171669494,0.00581112880862182,0.64152800937619,0.010859726007591627,0.6962540716612378,0.6166344633760759,0.38336553662392414,0.0892018779342723,0.9741241762053416,0.15814297604735042,0.013123205301723874,0.003221957767352179,0.003221957767352179,0.002911400842848385,0.8762416901323552,0.4211668143972977
alt,1.5,0.35,pooling,2000,0.30735007130580866,0.003332423029796603,0.14903048848822023,0.3415597279942027,0.002552331293029145,0.046,0.00468422885862764,0.07489302841051314,0.00022499097547375665,0.9925,0.0019292161620720412,0.9275,0.005798437289477226,0.9275,0.005798437289477226,0.9925,0.0019292161620720412,nan,nan,2.186609096909886,0.014396308348431456,nan,nan,nan,nan,525.9475,2.0554860455173753,1.0,0.0,11.696780520181614,0.1893620202716099,0.5,0.0,0.3040990233336532,0.008892616423896027,1.0,0.0,1.0,0.051166666666666666,nan,0.09735214840653243,0.0,0.0,0.0,0.0014222728126852822,0.5,nan
